employee_id,work_hours,mental_fatigue_score,job_satisfaction,resource_availability,company_support,burnout
1,48.97371322408986,2.507343240331628,1.876275236407431,6.83486206706886,2.2912251131621804,1
2,43.893885590630525,1.9411105630096022,1.1468854500032846,1.6669488031738036,2.363009697418216,0
3,50.18150830480554,6.72787224589273,1.4321030165227655,4.379220356198504,4.89494335907637,1
4,57.184238851264205,7.35828153838211,2.3554425973550064,8.234330906741022,6.361118417453766,1
5,43.12677300221331,1.2842753034307783,4.210342718319252,4.90125009480071,1.7255386465264158,0
6,43.126904344406555,9.42591021619321,3.2881945734772033,9.974641185126554,9.456117301226492,1
7,57.63370252405913,1.4677415528632518,3.0506709038256656,6.031533564519419,7.7962025570067635,0
8,51.13947783322327,5.871667017709634,2.1739552928324866,3.8904593737235813,6.279615264552964,0
9,41.24420491252038,7.381544675058247,4.727014877731266,2.981001933142778,8.455948038450916,1
10,49.34048034868772,8.83872211371477,2.5880601649487667,4.154684808575457,1.7216808113090196,1
11,41.2926584575003,7.4267823891918505,1.348371067183086,4.352799463835957,5.291549899598119,1
12,41.27416197143795,8.215552747628127,3.468266064471205,1.6184230995156488,6.67083814175497,1
13,46.93569817252828,4.0550517328852544,1.4553535739064056,4.326167794840958,8.457876155064604,0
14,29.693758042737617,8.33342602371861,2.3808925712067683,5.178146677653024,8.05122604044341,0
15,31.200657339895738,1.7210336174620764,3.0296477548712355,7.504639770149242,3.493623247420597,1
16,40.50169976607222,9.05334990454475,4.496890098740703,6.910565362494472,9.467921526032839,0
17,36.89735103732461,5.928331385383626,2.9741863213604747,7.378890897062388,2.119112572877833,0
18,47.51397866076219,8.355679929662443,3.809035064126657,1.0752731368917139,8.876202567590369,0
19,37.735807395830314,5.070864560664702,4.9712673559962814,2.9590065962248246,9.738462246441568,0
20,33.701570389317666,6.792199256768725,1.5259564795919265,6.955158595598708,2.5943817090036303,1
21,56.72519015137243,5.737623948425019,2.098926102078078,5.3559043136177245,7.4985945778340675,1
22,43.19378959610771,7.584305695797987,2.5783043023905856,1.0478212810151135,1.3625696690019862,0
23,45.54022563750339,1.7346698382753063,2.6873127141553255,8.240451781886401,4.648805426252395,1
24,33.60201451029235,1.5431687559150742,2.644084301062183,7.955286159613037,5.646549692779066,0
25,40.64493820379854,3.223929106091318,4.63044401022622,5.935772466942064,6.225807033186706,1
26,45.88738071767893,2.435902121018695,3.8561305778674257,1.598169931986449,9.423435234237036,1
27,35.79205138062158,8.846052099329814,3.431620856362815,7.8986354457932615,7.050256185647752,1
28,48.00558414676537,2.9729258862223986,2.2374908714511283,6.253422289582275,5.331501560973133,0
29,40.19489048064956,9.782787302372181,4.295161536885178,8.037639794421633,8.287075326393005,1
30,42.666450001653786,4.032062125939961,4.820242045939956,7.765722931562564,9.55479538858968,0
31,40.186347102164824,2.6390612411982937,4.284793130200907,8.227018647620534,1.1985953381406176,1
32,59.818225476071504,8.107286564282312,1.0062604207658916,5.6620725976416235,9.842691450304349,1
33,44.89202220209653,6.928369979507885,3.545605480733628,2.262920663741635,1.775189251573123,1
34,36.538312568352794,5.483761448078251,1.204541525768403,7.040417260417198,8.329481013418853,0
35,51.58035929682551,5.998271958438681,2.0304288813348874,6.584264065467735,3.5230127729627125,1
36,35.23325080023182,7.472816004450374,1.2380988013910867,7.6802786847917845,2.1896169197848456,1
37,46.670908760038046,3.0560926719816885,3.415181811797551,2.5289290544566176,4.9587007574245145,1
38,29.322639008961794,9.967005244510677,3.746359653970427,2.754776799102603,6.795609215028522,1
39,34.374511608812554,9.773138459321048,1.4579505522636205,9.013685654973957,4.428566605211275,0
40,46.57488988695299,6.852931177122432,2.535355532179918,7.749800186068637,1.4910886745442906,0
41,50.907732639963285,2.7958820583623063,2.824946035822168,9.174056398302906,6.395150256928449,1
42,46.37094624951976,7.122054181881622,2.4762120870436664,7.8284378904752865,9.121629484996072,0
43,44.07481374089408,1.6497856808125826,1.4841000019407722,6.374397753912717,4.4489382935252655,0
44,42.59117043528569,1.2758725198522547,2.6757911607499016,6.887194633250863,2.946994998677443,1
45,33.17182407706058,3.3191459966009234,4.004712191233672,9.00215131546009,4.983196113395339,0
46,39.24124633284233,5.163606610653847,1.2840306581330219,6.209260790607464,1.4352643994390277,0
47,41.3148898323217,8.814452548675424,1.3207200563276138,6.691521918955487,8.384388260322474,1
48,53.45697780975132,7.544521627896772,2.419085167343937,2.408290444032405,8.437067298551682,1
49,47.74894631654769,7.684358690799829,4.7669028464757,5.265290981044925,6.292004170866655,0
50,30.89567875709813,4.829440010032679,3.674290586891656,7.44757400762289,4.177926000445505,0
51,47.592671755158364,4.113414932922666,3.714679826690259,3.4384842848472887,8.198050280012051,1
52,41.91934175666947,4.339348866861425,2.44767996335146,2.820287624720814,5.992183223095305,1
53,39.58462399755233,9.88884607362452,3.3746431648341537,3.82444127401974,8.433390776950146,1
54,49.89341031072694,1.3609827227123423,1.0405247361109735,3.173505651935501,6.683129133247186,0
55,53.24799617996761,8.803283465102037,3.544384185638169,2.934213733327563,8.059649258915176,0
56,52.45024095292959,6.208078677151541,4.653147790304947,4.823657585812782,6.38706693895984,0
57,38.286259814218894,4.947538772706315,3.4502938733792767,9.170546624951808,4.7272696139409955,1
58,42.52630099319028,7.527318943736229,4.49479437386538,5.563536820648465,9.621512739335238,0
59,47.650107451228514,5.380020472822325,3.8958922218643752,2.691283427337907,5.870024423909602,0
60,52.80436101697887,8.860809142734945,1.482233665614761,1.6927450244278668,6.445805666864845,1
61,41.16660609723768,9.106316776101327,4.609813229143366,7.265405306241327,2.984388754732743,1
62,43.51472818668946,4.795488341861098,1.2657753774230995,4.445188879927491,6.6308571048454885,0
63,36.149320207951774,3.4914501751154643,3.135869890191055,8.396478519268234,6.144468845346495,0
64,35.430347007354634,6.33115295734026,1.5685484951738307,6.935596917766931,2.6635455815232243,1
65,51.500206579153584,9.211270110550219,1.0468264429236163,8.166173054872317,1.5362838761782935,1
66,55.84992022856658,2.895959701050999,2.688137040510556,3.4475143547660387,6.439233877432939,1
67,44.42391902735733,6.606699252071345,2.180162830616625,7.231230302149523,7.873230424152885,0
68,53.02826318313619,6.684041980832685,2.944001975190412,3.376557862243469,5.710612338298074,0
69,47.89308820038107,7.5980172017375285,3.308799546938203,9.451616315052624,3.0409536278768114,1
70,39.839041963159005,2.1841091661453382,1.1749562892357894,6.7273685338003695,6.998697790237315,0
71,47.89116484406731,7.442424682138797,1.4920131804949825,3.920606201578079,1.7209515394864203,1
72,57.304292531727754,9.181292685990769,3.2345695858017014,3.425606760630454,4.976503343217591,1
73,44.713391687120385,2.6171479798321777,2.372669412690633,2.718339265644792,2.470300825585782,0
74,57.51714924651205,3.1378899243148988,3.916693950197792,7.25176863004355,2.6601314595389502,1
75,24.042039167282045,9.742555846374756,3.6091665943677587,2.968440516981346,2.820645542423833,1
76,51.57522003500179,2.628792574385408,4.382417451959627,6.357729393347402,4.480363513395801,1
77,45.69637654590537,8.689465840326212,3.769971306676901,3.381715242328216,1.4603518505835786,1
78,42.60794119627306,5.430500708032313,2.7197243095605925,6.9577205031448175,4.580140968361883,0
79,45.73408621228402,3.2250796696285935,3.6918664895777296,8.334457556864852,5.605367024032308,0
80,29.099448683192858,8.836749111452603,2.101524697021674,8.002227188301879,5.349648564696927,0
81,43.242624897299905,5.007747295023989,2.2252539951128507,7.847661978377036,4.445056903627365,0
82,47.85690057209397,5.633356185367211,4.155940639683173,2.6895016512302687,8.552319472636771,1
83,56.82315235793213,4.233100324597891,2.7856780656063287,1.7954645228606685,2.3079402317845368,0
84,40.85383825381082,6.3365576629143465,4.19352136207341,7.290539456386471,5.5512706940323655,1
85,38.5320511768545,2.4717148532652047,4.289689494673114,4.315124924149162,1.5583727526089888,1
86,40.98594365132371,4.519733829865846,4.430249350645135,4.891116037630126,1.6404011099011877,1
87,52.32321694161659,9.724710901017588,4.666540943364829,1.2803418351405196,6.164792647093867,1
88,47.630008877277476,3.3232008943101476,2.723940882053185,3.3361880434754427,6.094165823990388,1
89,40.76191836986369,6.910629980871629,2.2754672732845553,1.303087634870176,8.902301615600113,0
90,49.106139464906846,3.926710578022254,3.3287949863764554,8.912671953411229,6.020863080940659,0
91,45.776620394784324,7.961258131179406,2.4846896937505103,3.190570148966774,9.638119183643651,1
92,52.74915992426311,2.177862946465148,3.404296667200932,6.016034526157073,1.4382536355993678,0
93,39.38357524898118,9.728389405706903,3.8223434505752985,1.3508138859501737,1.8820691630266695,1
94,42.37870282721786,5.084105872452753,3.7536200739685475,7.001626521750922,1.3965927541334326,0
95,41.863134774942736,3.1244541701181756,2.4982115480804854,3.907246111786845,2.66749165300186,1
96,33.29188041494305,1.6614707259701138,1.6674408067950113,9.081272682618993,5.871430998475103,0
97,47.36896221651661,2.5278211457878665,2.72211735384883,8.993063700406323,6.810149632846852,0
98,47.08844217743911,5.677965537004159,1.570376576327635,3.92761556525573,1.4102664215380192,1
99,45.04090765313969,4.033028587881576,4.560388140735233,9.108648061214211,9.513738008610394,0
100,43.123302932998826,8.459950292943486,2.3835098429514296,9.96541906148901,8.579488389853429,1
101,33.677034063596686,4.877987712956253,1.6178389888932951,8.428740977115533,3.669512339413838,1
102,41.63483741787713,3.238428453288669,1.1017910396230035,8.60384212979706,1.6946877720382116,1
103,42.25828386778584,6.554304879436271,3.583289545145937,3.2410786249818093,2.5289836589715153,1
104,38.581781846227045,7.360994951969012,3.547609269818973,6.190321589719807,2.142499723794754,0
105,43.70971430667193,2.5033771711085486,2.3624166663251667,1.6053032257063107,2.1095540136905218,1
106,48.232406854516306,2.508572946594859,1.286847555390604,1.8542614313950274,5.667055197991606,0
107,60.08948720968424,1.3300428424018866,2.638515579580928,9.990033508299616,3.212626982440603,0
108,46.396622502654715,7.627618135590764,2.2448699802535743,3.9397532448331987,4.2232574487623005,1
109,47.060403125782116,6.974240748596245,3.7084825589400374,7.733655208439617,9.905548000458902,1
110,44.40443267387066,5.2716778817483245,3.4231169978107614,8.259985477241347,7.158828240328103,0
111,29.64983027760767,8.597534040722774,2.45837491279016,8.722209439065063,9.540826003423012,0
112,44.78788899640627,8.251031376550479,1.8715702170199604,9.978654676619408,2.28300899529804,1
113,45.48184167952821,6.26818927957077,4.952143864622368,3.1734683673118105,4.439255273493123,1
114,64.70593689988229,8.814441524619328,2.8160064847844595,1.3631574417372974,5.992586229541189,1
115,43.46111228175102,2.8525708903309144,3.753096943120948,4.700723661951274,1.6908225569986421,0
116,47.4123787386689,2.007276574579551,1.562211870313443,2.1707260284605225,1.0376869926516208,1
117,44.722305842358054,3.4277465036529065,2.942358798637591,1.2018330024584962,7.033909004172258,0
118,35.65057569904374,1.5137817048038338,1.110146879477862,4.243841444273375,6.776375651212918,1
119,54.142582516120164,5.780525752009288,3.0218204716418,8.053644259677128,4.697099289996506,1
120,51.015464261494195,9.429451230654653,4.856069628470809,6.095626221025638,5.4067966842882935,1
121,51.328255576344375,1.3540918660165868,2.536826851943201,3.8150019028931865,4.738987005328807,1
122,37.724900361642085,2.098989226090241,1.1559840502996463,6.889078049434477,1.2160454036039998,1
123,56.22235448748879,5.069791254550918,1.1238231636773741,3.0881636227792963,4.018344455957162,1
124,33.785191497661756,9.404875157751144,2.551947039787478,1.1294330146487652,2.5937402985756086,1
125,49.69485675040216,3.8454049447907543,1.6400997458527762,7.8791804779278465,1.8858177019123188,1
126,62.523645006479825,5.565113278195532,1.0934083853127436,6.613687763776082,9.610483905004148,1
127,37.075709398954494,1.3741557314535289,4.024854455800707,7.86072362050864,6.3942375253794905,0
128,40.46961816317783,2.3350888086587998,2.8340920355275627,1.3504421501889905,7.5579065581294245,0
129,45.79721092070113,9.879671106629623,2.156979087890618,8.53407665047587,3.8382736893950575,1
130,40.972194767070405,9.68606826792441,4.600332732065922,6.57573580032673,4.538324165446137,1
131,32.59469255147094,1.0444598284096864,1.4645558408021024,6.070558156413761,3.1323159450705114,0
132,45.548503798448216,9.566306068809151,4.823675315821276,6.621526433030784,1.8726910386888227,1
133,36.50157029019116,6.752079440339504,2.2558668695094113,8.779899221815278,2.611284736974254,0
134,48.788739445081454,8.811264650680199,4.553614689234725,6.282428559030164,8.177626407668374,0
135,37.644606126129574,5.092658700704732,3.411771505917846,6.228553418993614,7.097912246653983,0
136,57.39947524014032,5.640364257213252,4.30682943896595,9.916112413591893,5.922359883869293,1
137,38.7339736613101,5.399619222312282,4.936052652841857,7.810571503617112,5.275808855800912,0
138,42.4235078703546,7.001778317914939,2.153621751274983,4.980644249060218,9.30190855290512,1
139,51.50813773895736,2.256861292806816,4.844541941630371,7.366573000296349,1.6546145300080157,0
140,35.15308546852836,1.2697623088541015,2.5579275796096814,4.503074245226096,3.5254073191412436,0
141,46.81967947683304,3.7713694743207182,2.5420476189476893,3.059879162351491,4.149440682136427,1
142,55.45714203425943,7.342126864629821,2.3615484170180228,6.371666891989835,8.04183230991509,0
143,32.14013412351018,2.816681069106535,3.165630429390341,9.353638883025564,9.932631581457741,1
144,46.47707086825844,7.060891899924256,1.6165801727139484,9.362255680139164,3.1660346328143776,0
145,47.07906235398739,9.729208414965434,3.2148459414320447,4.077147502949413,8.868766007233726,1
146,51.25458297421848,1.8451064421047656,3.166819249640016,5.749097195995255,8.47560484388612,1
147,35.104394312975344,7.053419064026136,4.04760725041948,2.904723087128751,3.0219165787758997,1
148,34.436347095325786,4.993751973741141,4.334599847750342,9.960679985489952,4.593993221793003,0
149,49.17553252493518,8.813280289397548,2.761765401249696,9.830061170811422,4.687055823632672,1
150,47.375877385865486,2.594348105026473,2.209332997405975,6.845580367367026,9.803986016739024,1
151,47.003942802767014,7.23363357003548,2.037339589268378,8.23972653709726,2.628027112410085,1
152,47.77158567597581,8.543037606832993,1.7784953468194877,7.4359014515533,8.192421739943038,0
153,39.559802227372074,9.501527975266209,1.2305903287960995,6.338423971355214,4.007734427557989,1
154,46.85802957728803,7.1492322546068126,2.3697919153388534,1.4801319729000793,7.577833111985443,1
155,47.34457978638945,5.474572876075846,2.080990768523133,5.092879082973949,4.780099038660966,1
156,39.28518865578906,6.560625161810925,4.865669543465629,7.073076719506695,6.20523786804886,1
157,59.926196089158054,8.820144860308464,3.2308353050001757,7.097784524953162,8.493505959935181,1
158,48.7906633672943,6.1354877197494675,2.38910815612203,4.358103565801452,8.237490084854958,1
159,35.46957202237881,1.2734835372715319,3.321870403974784,9.475227879922276,8.797808651857302,0
160,50.25242886907064,9.3785382595628,1.556786805382782,2.5062132901310292,1.5365559281019312,1
161,37.20254663818143,7.20574075928405,2.7761749968088116,5.503235015940046,7.228454977357703,1
162,51.296676829939614,7.088620471995219,3.5049372856842553,7.217955788957405,2.2598863904958657,1
163,54.26876463205923,2.9410763715794546,2.9555913271698055,7.2742222530262834,4.742367112165699,0
164,38.43454145318631,6.929969232093915,2.607115202617297,6.83775061091934,5.937295735492196,0
165,52.70700903395458,4.544779650887426,4.975393555598792,3.4775939210667417,4.624655362721477,0
166,48.30224741549198,6.861096793373429,4.521259048595708,2.4058591181795976,5.6765050822270675,1
167,51.57648127995592,1.9593372727719165,3.4936238326377604,6.723462941440398,9.968736779187573,1
168,60.17434386123158,6.920607741427324,3.277509444729131,6.393719045254939,2.2169558234156925,1
169,43.036895071977035,9.994723531936,3.482641919298336,2.6142040926031687,7.07910440802783,1
170,38.970110685140085,1.4339083497450043,1.805248431289733,7.34625231013507,4.564008697470537,0
171,37.88388456299582,9.794567657991855,2.5805509730572744,5.096547925602907,2.197088190165959,0
172,38.47351772027649,4.662171646505835,1.1578381315635973,7.009845324428376,2.428630870368786,0
173,44.383186324687166,8.836781053035333,2.9021841499473067,8.536303717931357,9.543457956210553,0
174,47.729215798533154,8.04146935652446,3.1720983358306527,2.5275558571923087,8.916413470405859,1
175,47.213526394640155,6.10314634888001,1.9109989444128384,1.17230381197153,9.163377643735197,0
176,51.61746599228819,7.646042883261939,4.8561153886620545,8.011923277562081,9.923794982446479,1
177,45.10401513502325,8.906640051712131,4.637818443748968,6.487276826373543,2.8748385100766614,1
178,56.62827261725853,4.637262894859297,3.8885729418236235,7.296756126599095,4.198954036276556,0
179,42.88274533409635,3.943298454069148,3.1335465150614503,8.543394774897783,7.022971269323801,1
180,66.76135333271695,7.0083404700722625,4.47987663859074,8.225298413420504,5.354222858745826,1
181,50.00533878212005,8.270613477471327,1.5226093752938517,9.648281322359422,4.765505800405002,1
182,38.14273954866974,7.860566212989542,4.16203917709954,5.823415709669064,4.220301244020337,0
183,36.4328600155111,8.18032283972771,1.4992832558673932,5.396460693939148,6.34402568749107,0
184,48.85977932194548,4.920249833316397,4.176842650197622,4.616984799016571,6.180340857760738,1
185,43.21229771739319,8.360507945575193,2.103070273005428,2.3832193855978407,2.453120506578161,0
186,50.71200395273674,2.081881498335476,4.508362324072756,6.153465095938202,5.2456585376659515,1
187,48.78590099658836,5.900401881647646,4.776168375301591,3.493112718933809,5.981245985888649,1
188,44.417368698745015,1.0518279444830942,1.5951838776204625,9.291767609916779,6.1325824485825144,0
189,38.22565025545276,3.9212724691024325,2.850702420261574,6.248717238493878,2.890964736211166,0
190,32.88122220251309,4.298153813842581,4.92394951265074,6.335561624572992,7.6804425302705805,0
191,41.42788038346383,4.565554224483298,2.9336297438925865,4.194321947893091,1.2267918533896267,1
192,51.85119035458778,7.25920486020876,4.45419009005818,1.4679041677993674,4.193486699888464,0
193,46.71274995304163,4.4970229114331115,3.3549260885252794,1.2856938883568976,8.021913836820701,0
194,35.03408977030409,5.038242603602776,2.5013196316784074,4.810016297378778,6.075036289498621,0
195,46.385447406809455,3.1378971778689473,2.143134222103481,1.7610884028751408,3.350461892597742,1
196,48.08253903783069,4.35926612466406,1.812892364344349,6.461622599861252,7.254578074087429,0
197,37.92914051039094,3.045426645368363,4.047192765510789,8.928757050756918,6.106518497404661,0
198,46.22980084756422,1.6587633139159927,2.5461620272921115,8.9462333486685,8.166192485107484,1
199,45.465669747568,6.431037340432401,3.0451018488030046,6.931408691190091,7.61522667570841,1
200,35.85623761735501,7.013915186995146,2.9693019200047277,2.901086483256379,6.490971298326112,1
201,47.86229888278626,6.575413114086531,3.309116116932525,8.766971482229849,5.393599077797326,1
202,49.486276210945874,5.171446394205152,4.462308582498209,8.974840917818874,2.1986391310077105,0
203,53.66440994540221,4.418072021613068,4.922957374333718,2.769882264576628,3.351997160968454,1
204,53.43041641627922,8.770002846146427,2.6303368342952678,7.636834771936095,4.771895256253767,1
205,33.97864505634327,5.671736066225963,4.310075688425212,3.5786759403441066,6.393693583057498,0
206,37.49739968067902,5.312636898667579,4.058111178618871,8.223762811176368,5.6233706969377435,1
207,49.12028213766928,1.2307785922579213,3.294115805822293,9.975141099132424,3.5936607336357653,1
208,49.11028760729767,4.071230448635407,4.824188574447732,1.2702340479645353,1.058179220107395,1
209,49.12038149044838,4.421760569072713,1.8018980621136111,9.076292792118387,5.466152997107326,1
210,75.82185192523777,4.589405028072104,1.4370568412384856,6.603674802387922,3.570633897060188,1
211,49.56712408554534,6.221551323045991,4.415847867821689,9.760443572483391,7.611474706394816,1
212,54.08452512144479,5.802422920541906,2.756599266534993,5.185085657737848,1.2155163874343513,1
213,52.63201410794562,6.471145835141002,4.387875416828242,8.626491375142365,6.263450301752118,1
214,50.21113001044638,7.883949353879155,4.572360820781659,1.561546617384495,9.473268137554589,1
215,42.47784604287723,8.316871648444842,1.2498303744762858,4.017511450704662,2.5696834040034955,1
216,51.07175376394614,7.46310768603845,4.533859051944242,1.6031488397608897,5.244845416755358,0
217,38.817398283699426,9.599713263594412,2.7932762214776887,9.778088201311634,1.8227979263542435,0
218,43.10545114607993,1.1640932440872547,3.041729956016929,8.352765165446531,6.631137210352174,0
219,41.11709161736717,2.7620018711519148,3.506370044372841,8.672926791213735,5.954785125366031,1
220,45.65499311509058,1.068065874803279,4.7055304269203475,9.441687082905048,4.666289717915491,0
221,63.51726853338807,6.827272427391427,1.0764643777190561,1.7659313750780683,5.692393193263671,0
222,30.061878459266016,9.082274940549881,2.9073738732712684,4.47037833262,9.069171926221092,0
223,50.49008152299611,3.1913406691866935,3.7508881697222427,1.639314001396019,2.766648720799603,1
224,32.09827303048279,9.34331090316676,3.890827830792914,2.8971379139502575,1.203080605348125,1
225,41.22454507368453,1.5424065126060476,3.770129726148432,3.0642919933390513,8.75498396229191,0
226,53.71160477573893,9.409924241249628,1.5377405176324874,5.221964899428208,6.1940537414911585,1
227,45.514240152763705,4.16460418515671,2.197582353486725,3.4170595070827834,9.015926099156582,0
228,36.37804177656555,1.9127874560429485,2.434862101668054,1.9088029613598498,6.372507010718553,0
229,39.27757032592025,5.372845832676931,4.21774883071802,2.5074198018469693,8.291449809637323,0
230,50.4367819914774,3.3109891094845714,2.115039489658212,2.3254800719688182,4.8670602701963315,1
231,39.15706694626291,3.5638561176573056,1.8428198554688127,9.757691181210685,7.748739381594419,0
232,46.7316687166558,3.765609684336579,4.829792076152385,7.833632562266263,9.217373202008703,1
233,45.36457471923051,8.22723308049397,1.0354531404538756,9.709853187426058,6.1491066734998565,1
234,39.78719721915346,5.85245149007729,4.991283422727912,4.957664378571177,2.627066355061416,1
235,62.1515527146026,3.8017692924040327,3.7072851954295825,3.5053163349639096,3.4191785352717834,1
236,50.07135217854409,6.493004049798265,4.313877197796469,8.18463877488268,2.787801192076652,1
237,28.798859306739143,7.445356068008742,2.1784775853847727,3.936285262370321,3.2217132483615964,0
238,46.49163451815542,3.453616006601804,1.05726111066824,3.6944503633481345,3.7577390441593272,0
239,39.70570828185289,4.7219419137281635,3.95147807424612,3.0925539298704807,5.996204080778696,1
240,51.81946667836979,2.096974840032528,4.336578388002703,2.167110804018118,6.291924665174495,1
241,38.6598340925384,2.630344145812123,3.9619045278140765,3.3081675491508937,4.83849772517675,1
242,44.082108468264806,7.130060685684845,1.5714011492033544,4.1978777362649895,6.538787018387519,0
243,49.03989823184366,2.6329451292606425,4.013711689027876,7.065947873311574,1.7341743305022934,1
244,51.926041553360974,5.726470453003541,4.075691128430564,1.5630835799750642,1.7900941335234397,1
245,35.39762874355379,7.381416355501894,3.6341620626802196,2.8945624569880866,2.546465143218926,1
246,42.323990113272416,1.9618923078526946,4.064463731182345,8.281212762625088,5.662697482363103,0
247,41.20043751071235,6.105809976660132,4.383685758710929,2.3222973122539368,2.925952108284822,0
248,39.77336613941031,3.309065053312274,3.4544164569498337,4.083806318702694,3.549559631433196,0
249,59.12363392224877,9.666341877138219,1.3544188558787162,8.78193029672326,4.602815525556947,1
250,48.23985368768764,5.351910820479323,2.9505112386688435,2.394327800290984,8.306795116093419,1
251,34.91292836531964,8.253932947976423,1.3105973386864203,1.744631520563709,1.124759223215741,1
252,52.34289557643821,5.952038879406356,2.6301721241297233,5.3608419557200975,6.8444093821296015,1
253,61.977249576101066,1.3907127956933725,2.6284259565025105,3.7217756015068275,7.019888779366168,1
254,53.25972208440918,6.698362380346201,1.2640393765609663,6.070675280354687,8.187902023209729,1
255,32.845040272367896,9.562630079859913,2.3952821358779173,8.234244014351276,9.39477645154282,1
256,41.12612741706999,6.414506381316981,1.4439923951652593,2.2343363933746883,1.1812406405436084,1
257,55.13528919349298,8.372699734841111,4.232940840036889,6.226291760988564,2.3840533496189455,0
258,39.33864427504975,8.957858170135669,4.7907521038578835,5.549578843508775,8.975541646503938,0
259,48.550555425169826,3.0527179475403923,1.2892659010317544,2.2967090741187963,5.126667059683138,0
260,51.19707242743469,2.90840355917404,4.820460829166805,6.615986369760842,6.0813157504011714,0
261,37.58455622737534,6.498828899658926,3.0903063973469806,3.462763760746945,6.967244833508326,1
262,44.5237971515056,4.699256228260342,2.1982627118154956,5.390508866896113,7.111599440460736,0
263,20.0,8.558751725800484,1.307448301104654,1.7404509184935568,9.385663629848574,1
264,36.80489886932568,9.1002081105821,3.0024970722816713,5.136256514922607,9.972544756705027,0
265,42.97945478885472,4.180792413724463,4.178062177962994,3.758171212385383,7.481417148378462,1
266,35.017734544281204,3.1318350307703384,3.8283459090667926,8.401430900668188,3.5849908828463573,0
267,58.05929043145308,8.024729637194756,1.200904045855895,1.5128085429763145,8.917771620649091,1
268,33.55886897631494,3.4732543199332246,1.291607341471614,4.76746547426497,1.4429882308668545,1
269,41.47964410642413,8.403528866623105,2.6114931305305484,5.1258828171829425,3.079727675870466,0
270,46.04592461828873,4.813644282838865,2.181161976191773,7.5250546866920685,9.076471457173433,1
271,56.530186312528926,7.0079490936232345,1.9295372922241913,6.168588175811899,3.3057236299541946,0
272,33.51310279056449,1.8598178245120136,2.1240179956348544,7.0049110347476296,2.9858595365957363,0
273,54.30531001723968,6.614733922089157,4.213930973187539,7.993443570865805,2.243127638262225,0
274,45.0818644881567,5.065909108635062,4.716912214527415,8.759826762923698,8.732005818822248,0
275,37.14793079161639,6.279476168579267,2.6204107781102657,3.8248794705022346,5.50052433271978,0
276,48.69682779410616,2.5121278697037708,4.624444008529988,5.842204348275127,7.074038827487393,1
277,46.59247756458776,7.631863704497639,2.285982804991528,8.5609727059528,3.151597456675267,0
278,40.19826498272964,8.765173697889058,2.9057479453751665,9.905060178685508,7.822363789100948,0
279,45.55841667992015,2.9506582008169806,1.9041159912639989,9.005673799393868,7.840049904658886,0
280,41.91749122510592,1.8614309996814555,3.561904168703376,4.343205363619392,3.8133822241747013,1
281,45.90813876200998,1.2127472744170276,4.915924460699236,2.756498654967854,4.696143697092546,0
282,50.29704539616837,6.777743503989394,3.4139723841735146,5.404532836659299,2.8872124968718076,0
283,57.68813452916282,6.463846324799027,2.4312563364541955,7.67477306652438,9.789049209906139,0
284,35.097476009385204,5.92027671442663,3.5912697839621135,5.433121636779679,6.810423193525705,1
285,62.06426699725013,3.087523865043779,1.4916827138615503,5.3486277698230165,9.41089492643964,1
286,29.383297603819983,4.518153963149632,4.5546363210615946,8.544073789736206,3.7304698926621986,1
287,43.785719239715334,6.350287016675558,3.0123358031193455,4.252634011604677,8.037018216972008,0
288,49.706537651876616,5.470901729732525,2.7973989681585683,8.73815207330481,7.892727794962678,0
289,47.24793494188026,9.890069681933985,3.3434591538140768,4.661243208565512,7.224900866798874,1
290,40.01840384143525,2.227957773010598,3.49913545115761,3.9540979511050547,9.690750777401204,1
291,43.3350219971418,7.256300986428344,1.2871032249060521,5.085909200797291,4.54199802495684,1
292,41.05599252272934,4.638868912938629,3.7304688848936096,7.862022628073816,2.1764559123078158,1
293,40.285081944446304,4.853796534330533,1.9677267212621183,2.1340182507759486,7.045379733196547,0
294,51.7968167761682,7.458379890923586,3.855810530026359,2.7677729428481563,7.563788204294855,0
295,47.85612388772038,7.231925361919327,4.290139177536787,9.563003430967827,6.175545161129332,1
296,39.456723237914765,9.921303943319694,4.215834030210081,2.5794246464322166,2.8613610382005663,1
297,52.196799003466005,2.155548605087127,3.2100038696315565,6.109545861379491,5.540103475024198,1
298,47.45839616701287,1.936986844457497,3.0806795692430047,6.213830199957441,3.8097076291221645,0
299,51.50289695071168,7.51904935415867,1.5715038453576469,5.406620158452203,4.8471987535002015,1
300,50.037030735388896,6.205482253057681,4.101384601612542,6.802707237191367,6.8069671826019755,1
301,38.36803991262342,3.4674459990382527,2.0856375217868575,3.068440532178566,7.706932684217511,0
302,40.518551678424245,1.7147743209008794,2.986781691271786,5.973960409990734,3.090022218112088,0
303,50.978348840986094,1.770924246367875,2.137096371710067,4.349559297222074,4.64792824582258,0
304,49.88296212346772,9.047717871977065,1.5353134519987726,6.955005336662701,3.4224541389246625,1
305,44.83278724828681,2.726805922468686,3.5182307875669463,2.271011890358345,2.787684524756822,1
306,45.93861906647025,3.9103440590396867,1.2173281392916153,6.137896751555286,8.050484979962546,1
307,55.221319166307396,3.039907620042892,3.9945809365048,2.6674331984499133,9.183274249932932,1
308,40.26742888931336,4.194966752487436,2.2703471810444666,3.5077875680353277,4.3320896711611905,0
309,49.3767790493603,1.6248145847148403,1.0005387720179413,2.968388202912249,7.761510319363902,1
310,43.38245878052885,5.671538118174434,3.044516556948919,2.645540018819354,9.0729576042797,0
311,43.258550374182235,1.6085130723299341,1.1874076341104125,8.431398564046003,8.615117894772084,0
312,53.79021481589752,8.203208570401255,2.104678231283598,3.571368108948013,2.6453204968530333,0
313,51.60333079190424,3.103408737193897,3.8279059498228647,9.344114036780043,9.606626933620252,0
314,51.50807708800511,5.860107231440596,1.2507584864874635,9.729338728106718,4.390087963865162,1
315,55.44383045723463,8.920711788053124,4.357353969424009,6.1413442294338765,4.0531659505645266,1
316,45.168030733062075,6.8578963214247475,1.0152796906343324,2.2870101039915376,1.561881945500023,1
317,50.45562377035971,5.796620078962018,1.987295476807609,4.370934190416231,5.375562886943947,0
318,42.51786594725235,3.9190037780383804,3.9636162246082858,8.179590370133926,1.9811225407683584,1
319,47.593330819907536,3.9970172175237813,2.265080598917227,4.306516558273634,3.236858388346834,1
320,43.95885556505852,7.025382596783711,1.4075695522640541,1.7831549647250986,3.8524835959055324,0
321,45.77596771994175,9.947254250990508,2.4409356752017115,6.011064198353692,8.279436911425156,0
322,49.76125620349531,6.9565527086444074,2.081573145538102,8.606087663464313,8.879397853563068,1
323,38.45423453413222,6.020050756330225,4.37084760864222,8.163337484291521,3.722196857153227,1
324,61.739098205483685,7.575854592153215,2.2533916703405725,2.576108261173179,8.728283091201165,1
325,36.951860948002384,5.186850510553463,4.1557298871040285,7.0548815297122,8.71507843632812,1
326,35.286491097698146,1.541281083407067,4.567488579242939,2.984538370920824,7.881858553463862,0
327,54.26488698800054,6.0606713429011885,2.735269678306118,2.96386781096955,2.320256026136634,0
328,51.333301551703485,9.618627560548422,4.6397725754175685,8.866645959746666,7.212905622106561,0
329,49.99295853641724,2.577726481218937,2.5092722158527714,3.2470205746620713,9.505216581225119,1
330,50.02676407411424,7.210044017385991,4.856313665960433,3.369226118662101,7.1428643089044135,0
331,44.90202581722468,2.8084031979315083,1.3571580981022917,1.005880516851696,3.984551641970506,1
332,37.82196502811335,5.822449160257731,3.748077066012971,8.83602130712966,5.505213856877481,1
333,45.60643646554981,1.8700880468204766,2.9752561618277147,8.133353318882213,6.811525390159483,0
334,39.58270630790311,5.053338426323666,2.5505952218225882,6.645960415816102,5.595133678556532,1
335,52.80095786734201,7.805469960057215,3.5308475149944036,7.752391875449581,2.0795764755787283,0
336,43.82354094798289,4.128143718150839,3.8154283665373248,2.3684371068204264,3.808576401868186,0
337,38.39602242565991,6.984205520384962,1.0174530786012363,5.124912351288179,8.221564274982693,1
338,42.42891326677605,8.159049647107562,1.6678123549887949,4.160974486139028,8.752762414859657,1
339,48.303451634205,9.344600375315075,3.852184202537275,1.8439887363131484,2.2357002944401323,1
340,40.4902035775682,3.111778736699082,3.665541654312826,5.375174366934317,9.571480771588522,1
341,38.422236835468546,4.593843242283773,4.864190020514709,9.286656853083718,3.959403560637484,0
342,46.9494976919353,2.371744119973757,4.044151161003132,1.3605320714562503,6.96082364857648,0
343,46.95973256886978,9.932351519425376,4.803090830925353,3.623148221444145,7.766426313610131,1
344,40.94445459703096,9.343008711318658,3.810162006139228,2.867868425851331,8.30751611174095,1
345,41.23169355505342,5.859614172525037,2.1922088345577726,3.1433198829912667,9.511747320033372,0
346,46.85639949886109,8.578299649387791,1.421459689003426,9.175910966914378,3.8162759322594035,0
347,33.415325268021405,5.6886217954483795,4.127295453379743,5.212621488108611,8.72655809096399,1
348,33.740289804987555,6.612271192024838,3.5765968859036636,5.196694716458369,2.185182130925863,1
349,39.252446229980514,1.8021198890441497,1.192744049573185,7.8451807820975406,7.345368157182334,0
350,43.292422786305224,7.797433784471272,2.4402018636039133,2.390429836044332,7.677799565625873,1
351,47.487260524784034,2.1494213527171135,4.827199261937144,5.385388186900457,7.099509170811884,1
352,56.80284973559642,8.434608672272756,3.001604582840805,4.869866927089538,3.270832625216377,1
353,51.86127698561616,8.038252789033473,2.7309165440788186,6.372196214919905,8.857388323136831,0
354,43.72049176029258,7.378702279686788,2.830798420637176,9.996019329253947,2.519726170333555,1
355,44.84787033677849,1.325443424722859,1.835530896020655,7.925040046738424,1.4827131236874775,0
356,36.97976508289753,3.7281552035079573,2.474828683459181,4.580791327156845,7.457184915507209,0
357,44.85189491206088,3.368013129197586,2.4792530239487065,8.447977470466423,5.279281437094603,1
358,42.690730888638896,4.241227667243672,1.2094200807498896,2.5363752698123214,8.641882179628084,1
359,47.58174848270472,1.7887847208745469,4.070270514071673,1.274173176780641,4.45057426952433,1
360,38.38215245158142,9.432620407279565,2.666017727615516,2.8400353521784574,2.5145072965694153,1
361,49.154772113929376,5.9842201664113865,4.288719547265693,4.063704005028336,8.527979732228827,0
362,57.26191130402062,3.749718795922212,4.401392004479582,5.595226817136039,5.940186684760645,0
363,44.12991881234514,4.5728336536685505,1.8479762187946323,6.536162264870798,2.702762131513194,0
364,48.21369377679153,5.024822864543521,3.6294139286805143,9.195451454929795,7.4834559872780115,0
365,50.5211519336889,6.405349000245556,2.889127216651927,5.588686085954119,5.600022746405505,1
366,41.79023622491331,5.6411148492684795,4.520626951685941,5.511480801631564,6.438816840162878,1
367,46.79273985448334,9.274527758929755,1.8629627167058165,1.452187088406839,5.148085043859237,0
368,45.10073920625436,5.472671346152472,3.711252801240177,1.3142039739060143,8.458380854362058,0
369,45.78140878839066,9.929422133409814,3.4310084890108903,5.960439657247349,8.466064441147449,0
370,38.815921729156265,8.662824619705862,2.181205910287331,4.9436075192351,7.384499396419476,0
371,45.19608139407154,2.8765946292160223,1.5464036146046904,8.552623554822688,1.9486123965681603,0
372,48.9839863299636,9.375356931795245,3.6065590419091063,2.4461162624066066,8.54968475713662,0
373,56.609148862360335,2.0472975809692846,3.9543898325293227,1.2247449590534463,7.039116824796189,1
374,52.67416660868165,8.357047376420724,2.2625093750534,5.0413489113711325,7.273217494038695,0
375,62.225459660092454,4.4256096412892205,3.579330416089255,3.1373070107703174,4.266845563634845,0
376,38.8612194968956,8.901768884005627,2.580523630446013,1.446529360049537,8.913516005413062,1
377,51.978565093765425,8.812510210967053,3.852827533130471,7.52138458162866,7.528344402113717,0
378,46.46673604590681,8.253328601058591,1.7968610995762124,2.0043369996152274,2.01331419876275,1
379,62.51842346574138,8.110273926763552,4.5608600105446975,6.474875500069945,4.670002309655464,0
380,38.53361371715879,3.742112251882367,2.149638385862319,3.529447751502002,8.977423257641275,1
381,38.282225262553794,1.7282735474612696,2.4711439510246116,2.561464453195198,1.4247703152764108,0
382,40.204858836447826,4.626821608886453,1.2323678083213991,4.417763706273857,9.652749576778445,1
383,28.008834205521545,2.561720634878578,1.4460488492851056,8.213011986006583,7.112463114876065,0
384,40.79395982655391,7.254559800122156,3.0634476108493125,4.528842192141154,6.682383798790389,1
385,38.926938707570415,4.11489753884007,2.070370706911886,7.756926842899501,3.4350333083919224,1
386,46.20315029180966,9.780491807739233,4.341920902968777,2.129376671192356,3.2391260986525934,1
387,47.734047806217276,6.768748696107988,1.0587735546198154,7.954942776985712,9.478523975397358,0
388,60.00936671372709,8.40232507270925,2.5163761946877448,3.132399924159838,3.6844520881071046,1
389,52.6033907054884,2.192722054676636,2.3493821870763707,7.096538168999855,7.9795476704709944,1
390,40.384770754700774,8.758130340453603,1.0773105236704041,6.092033993568967,4.538096183863712,0
391,37.812682629213135,9.30481471462055,1.4974735960020409,9.362302454905187,2.253286637062336,1
392,48.93535337205205,5.3835572693704234,2.654570699674541,4.485902661777827,1.0964376792582304,0
393,34.43813434383486,6.456276439758797,2.9714583377897865,1.595486699509964,5.898316033137258,1
394,59.65167012683483,7.883288208126959,2.6171589890194764,1.1723993699612762,9.782009366940393,0
395,54.435520965770294,2.573547645343713,3.1237507136483753,8.441727048754778,4.32222574428284,1
396,41.246594783162365,5.523094688170982,3.380526699622726,5.722620738952889,4.214731005937404,1
397,31.29492376727298,4.587967249950818,1.0396952845113425,7.977196466514544,4.096824560644979,0
398,55.8309789933233,2.317365929460242,2.8563806378140155,3.109830400103632,5.684894535743726,0
399,44.08368123797906,4.307809800623783,4.853996963550353,4.105753709619103,4.965983950818642,0
400,54.902530495787694,1.6135507844694421,3.076129120518195,1.2709348499018704,8.919231640543131,0
401,32.24457872964506,1.232307162545383,3.7101690698358127,9.65343092116701,5.549687125511412,0
402,40.20499981636982,2.2164966023934047,2.247455431667533,7.010811160307321,5.569820543697119,0
403,45.041949597745464,9.668036004302564,4.09596551261105,9.398845789833755,2.2453443524850094,0
404,45.375844750117935,5.945765823055153,4.091685927504461,3.389467666861651,9.844655868193474,1
405,41.39947622816605,9.69239945037898,3.085184190616556,6.503172501030948,3.2497560178194673,1
406,49.98279945877999,4.892480904971188,4.904055293116855,7.10649971463374,1.6602766071364239,1
407,36.45903656493925,3.806345197767336,1.5022008590506135,3.857947302318296,6.968316240776879,0
408,43.86096411982965,5.555276765562197,1.067790659558324,8.632983115140672,6.358297331411854,1
409,45.962365053695194,4.955605197696191,4.080632847028384,9.52445316610223,4.736310885934712,0
410,49.115510672469995,1.9509821583556952,4.228622149459531,8.963696059264038,4.799730104926103,1
411,50.69291902471112,6.767436832211856,1.480828916482305,7.6516027834543525,8.06557528941788,0
412,36.002863265297044,2.9443436425863965,2.0623313318344243,3.497182117524586,2.7614137608968417,1
413,32.727086634115025,6.576291594080466,1.0702094534665156,3.5345443789506854,8.382279870504007,0
414,55.22141457518807,6.85180983158338,2.1732344431222588,9.67024288401434,6.838724025055163,0
415,47.658512095836734,2.368223678157833,4.092567495674686,1.0925604634212283,4.77072796401572,1
416,39.01210770754757,1.5521466439960134,3.0718421108503158,7.4444497591793,5.122257549254818,0
417,57.409215804180185,8.026854274615959,2.3923823726731523,7.356215462997359,3.3098248646748623,1
418,45.92539707434287,5.138203813923882,2.486957179625321,6.604205868548177,7.769028994272773,0
419,54.43437747251061,1.523474159549282,1.0054145028618726,9.910979614781793,5.61587268074741,0
420,45.54014785128087,9.953796854527905,2.1992021102609436,3.806914921873527,3.8876908847485923,1
421,61.4859833990559,1.5200250489672997,3.585834966551722,4.059746774139233,6.364451041848552,1
422,59.042726739545635,7.255317059726979,4.896777775265429,1.710454626519,9.961610068461907,1
423,43.00828681216741,9.853110327370722,4.388243307935598,4.9851832288936375,4.9173605169089845,1
424,52.77256760763484,3.1526209379433308,1.0943798585821165,3.349436736113633,9.286222607007575,1
425,50.16300759668118,2.2802443181847654,4.594242418699357,4.090480319598798,4.105151559321095,1
426,55.94905246025879,2.09246445480186,4.132793653194504,8.511146112300649,1.492594362324873,1
427,37.280612315359164,3.72947632810836,4.121504494283922,9.419360621747462,2.83817895731586,0
428,50.488411679987514,1.9094122990958202,2.831983036014286,2.6715976480466708,4.768256289949158,1
429,53.4673958947967,7.229452075247187,2.5920211718180113,4.352580383981193,2.976714357351121,1
430,30.930084108615084,1.5606261831705641,2.2116629153327705,9.357675059038547,1.0020433439642997,0
431,35.5339318986738,5.584799153348108,1.262779435817463,1.5562761462030037,9.235013839727745,1
432,28.686142577919195,9.970271684676792,1.9129414539747964,1.8312447530024065,8.59491470107836,1
433,42.84474532444354,8.325732425554168,1.9864145399120985,2.465118902856064,7.680630083382524,1
434,50.7403380463677,6.536974944079098,2.9363082788408064,6.356915507141872,2.5103313608142575,0
435,57.01885641676822,3.756282587079505,3.989777626386776,2.354250439053977,2.0832721858898746,0
436,45.592758243358205,6.6150625266247465,2.8952393135917864,9.712687433056601,1.6084427452514483,1
437,58.02892436457034,5.743373175204865,1.2313777977886424,5.020430745326683,7.516262698956291,0
438,33.95918833428087,4.834750455013343,4.831159203952815,5.513661643151497,9.359271646190967,0
439,31.372940485158765,2.1763933906617954,4.770897276376449,3.2199275422486586,4.874822388217333,0
440,44.55561840882705,8.9794379371642,4.1407581725936335,5.238642271912601,2.0722660479644333,1
441,48.07252359151446,5.048061839391902,4.965311606256883,6.957222693733104,5.611535386588959,0
442,44.73844201524726,2.7516026063868857,3.1779293312010517,7.760594232586385,4.139487167127671,1
443,28.460463199680987,4.309834157895606,4.851073401012824,7.784812744389217,4.373424319149979,1
444,44.287039683897696,4.727167772760343,1.302420162467003,6.201020014246795,6.591975617401365,1
445,34.56424399596118,8.447841060101869,2.4627229930454853,9.139237974944715,7.468463019359821,0
446,50.35738039064031,7.6025294250526185,1.9015250720270633,8.356670625754983,1.9954323898584476,1
447,47.93278596877479,7.923744042772058,1.7833323365370801,7.813433032287628,1.3203120772582875,0
448,37.480961709381155,1.099281379857825,1.5632117955707043,1.5004496951241455,9.948972724171433,0
449,40.88906466130645,4.745385983617854,3.4896545662639866,1.0619016599768438,3.0945551402399665,1
450,36.52629182488839,5.332097364717913,4.125287422989221,2.9120254947592565,1.4844747241761316,0
451,44.498567221814625,1.1727304914075103,3.3131935976814426,6.9717123452210705,2.70887796186328,0
452,52.64113856400991,3.3383188787053077,1.5878508383528387,4.700777399942912,1.3506206171361779,0
453,37.11419162931565,7.842608408099215,4.244495079733884,4.621656333693806,4.526298051554545,0
454,49.03237212414275,2.2339873515609914,3.543818828654914,8.961281994066525,8.221616060061919,0
455,40.75793905302047,5.817791183073325,2.552662824507982,9.060065633186548,4.071200047819485,1
456,38.657017341901245,2.9368168481551375,3.696521182144252,9.182577376482271,4.997650661905299,0
457,44.14375712036354,1.1090869717950396,2.0396199169713314,3.8249026886352455,7.080280962106949,1
458,36.71806142064501,3.1708131183958734,2.380768833976842,7.219502314653356,5.580046630628922,0
459,40.57080555722254,9.782863794190485,4.66994337252796,3.444698631469327,8.753011174191919,0
460,35.416976859289214,8.213834006946907,2.1620180226856816,2.715488497670048,8.794321075411808,1
461,60.717801063331116,9.636189798889301,2.8799530726317464,2.661692116126323,1.0891962594203828,1
462,45.28210841577383,5.390686395337262,4.5605645495840585,4.078968587772346,8.002416758348794,1
463,39.402195936059314,1.9876257880975317,3.83088540107011,4.869618578018395,5.1466024021750645,0
464,46.71183928587378,5.931635400763237,1.248812904658811,8.478542539495615,9.899564871732968,1
465,44.10137560247336,5.089396011039648,1.5892121771158814,2.079019841254409,5.349088682878916,0
466,43.232243203734214,8.599213744656543,1.0313663630876673,7.614332626554048,9.882063508494678,0
467,49.9133336003474,1.8827432270582012,3.5236871609166536,5.7830942277037485,7.791124250851629,0
468,51.06006168037844,5.394170233196004,2.7906937016416733,3.5915080840839324,3.237443961519757,1
469,40.75599081911578,2.3504379822458583,1.5370994036091021,5.4353762607954215,5.845554813582619,0
470,40.39345407484256,3.9220833420105397,4.831736484227082,3.6994786279932037,9.929220755307245,0
471,42.799586422786845,7.636213696490197,3.1186388957824795,6.364737597144754,8.717775469767314,1
472,26.58463068211532,5.284163164318898,1.9675731764515567,4.904595305697198,1.8763020441209899,1
473,32.878471502411585,4.382994566311924,3.00241428461883,2.4796497617099087,7.357347971289965,1
474,55.934994139556196,4.550286507130318,3.718481330940431,2.0492476710012704,4.1102162728373175,0
475,58.15974170801027,5.13502091565388,1.304956871894258,5.920261138649171,1.062840356923133,1
476,43.007711683548976,8.065148894533511,2.098815260191568,9.12171729957493,4.631328721242996,0
477,49.612455704446134,9.02876220046211,4.227861963535974,4.09561917901917,3.1127897955247414,1
478,47.49000123634829,9.598012178535354,2.838659481610645,7.597000965003609,8.369823434684243,0
479,69.63104646764191,8.082130476297657,3.1863085681291796,6.927952194457903,4.035975479611889,1
480,53.956599291476614,3.8386620617321148,2.731264008837877,9.38399422878533,8.447713245584353,1
481,43.97665926815387,7.193212354778879,1.1755997705720205,8.388829155692267,1.0053814495131577,1
482,37.355676475196596,4.938428116498527,1.6629991192806237,6.099447330149167,3.770372350235072,1
483,32.14842943793942,3.2920355984144605,2.7821665549675636,6.9132744841069655,3.1704869287698574,0
484,46.627709086937784,8.567844214833304,1.8367418616317113,9.085478199256315,3.1021062496174987,1
485,38.949194037725576,1.345837140660925,1.199916114638715,4.595669061282413,1.6136795778891644,0
486,33.621970323218605,9.115857929218812,4.374598656207295,3.941152352719996,2.6841184336945156,1
487,39.82741692605979,5.153297181622607,4.924770116656463,1.0972997527167672,5.999946128970579,0
488,36.34761597108484,6.7348132912745236,4.172571495986958,8.438959667723179,3.6222496555397004,1
489,58.49713308058052,6.934185299852045,4.415139686818668,8.208826303630284,4.756553040962332,1
490,52.053118055595604,9.056059666358827,1.9679085212681815,1.9400906629013623,4.391801923124697,0
491,44.93621886946706,6.730027139504866,4.842507902052799,6.191716430194302,8.883144324999051,1
492,56.83955311112021,6.525402262840556,1.7877028178137135,5.1758352835019865,9.14769099109464,0
493,45.61894646118095,1.5998683650462096,4.8057192414473295,2.0683818595820034,5.436612744902741,0
494,38.10972638937389,5.6656721975068365,4.979277175863804,9.825114043546511,3.9714035528404397,1
495,57.18499261815726,2.3515210073533748,3.846891222984195,2.932262987170199,1.9612063360212728,1
496,49.31128034947727,7.6369039184933705,4.924574927167288,1.6051076208150503,9.580625914438855,0
497,36.70203076538835,5.60999728731407,3.2781591182684147,6.353626415517186,1.542042504102677,0
498,43.47729057533113,7.12205001287518,2.0381671327043613,7.649800094197294,3.678852498114524,0
499,37.995053972921944,1.3750561054214585,2.7479835426624835,1.2919910144246827,3.6825958105300374,0
500,33.93760215228531,1.7631281444122289,3.374243741515144,6.9284587485432,3.8836115752619342,0
501,52.40942038025313,7.4469104925641405,1.29232624810806,5.79062688356309,2.4785815894516836,1
502,60.275333123761044,1.6487590239880603,3.4893730584689844,1.9293850798754357,8.048452878313274,0
503,33.81145940944687,1.6413105498873275,4.924711347049178,2.5527148925172587,2.102480757693903,0
504,49.50375389352457,1.108976277113987,1.7604305991349105,6.111768675844725,6.7141599323784655,1
505,39.79485944702539,9.60851258469532,4.170380465153533,3.6672185216195956,2.114614240352357,1
506,41.10299692988243,7.637575235131062,4.631595175118477,9.444841557861844,1.6348207383366091,1
507,40.26084860608905,4.179262676518578,4.774806371280883,8.368662065356457,9.18486553317289,1
508,38.08807384256147,3.668820231588897,4.840542417621789,9.852104858622967,2.7111588968683513,0
509,45.388173023558615,4.147329067712646,3.0858385548858878,3.3370375505537258,8.39125139103734,1
510,38.3523990687117,7.971881780630636,4.909231631966015,9.727512695181794,5.901677839964222,1
511,47.16365460623871,6.95233549963373,4.0292408285377554,4.881104828124021,1.7007086764789263,1
512,44.5980951244069,2.6667601108072114,1.6466857449478476,4.127669157823791,9.599033722942607,0
513,43.08841562506872,2.5669840180067593,2.90760042587188,1.4531457427241792,3.2226505029270327,0
514,37.739490703667215,1.8855608474205758,3.873324701488016,1.4748873207364235,8.73680810817346,0
515,40.38582935545334,6.942724477312043,1.9893612632763333,7.228101303519892,2.5192900520610775,1
516,51.043129806606046,7.8793539599956235,3.5624607341955494,5.121360949906251,8.685485939276676,0
517,49.00733750099505,3.385417854925036,3.666401916186477,3.0386946343249512,1.1190593161476459,0
518,37.17955804161159,1.1885046492782152,1.6507989752342636,6.525732756927094,5.606024109125326,1
519,45.7946584434338,1.739545007287846,3.260341249811025,3.2757230642510007,7.924983214794011,1
520,51.01109698697431,9.710740313605275,4.08650764391443,6.1986857890998035,9.41315965743505,1
521,31.644757751029026,3.659002997296782,2.9955826581437677,4.232878722844213,9.182819225858383,1
522,49.34688153903948,7.923008330543203,1.0484124671044297,8.411970039506372,8.376623825928803,0
523,39.69900992843323,6.621972119688374,1.0361538763171687,8.386265446901014,8.993722146951736,0
524,49.56478934874527,4.437456756876063,2.4281173758800487,5.296153583101612,2.7929771725336883,1
525,38.89392674765986,2.851185359759996,4.704776273727128,4.157371984015141,3.5576586614055588,0
526,30.560943194683848,2.092477763434658,1.914707118414435,4.263038169031851,3.6007167242895264,0
527,31.9796604969347,6.5351167123498,3.5374547554867486,8.251430731013961,4.3934853790152895,0
528,45.38467957329106,7.971704025740092,1.8883034827732823,3.953615345178508,4.539886033466699,0
529,47.07778001377186,6.795138281870176,2.2866799586381945,2.881534363361614,5.900997921892079,1
530,37.76546699916473,5.772719199242425,4.392168358405936,1.7621950768777614,2.4389178702979724,1
531,50.108739670218995,1.3775610108847265,3.9154457690797875,5.200238087959676,7.221219974073904,0
532,31.70783950184832,9.716398998349455,1.3815971092528425,5.339188890278577,2.5080988537405586,1
533,44.47136161082147,8.18842772489117,2.7148080839457345,8.568178393626164,3.7927763389409277,1
534,35.31187040190035,3.6353983303086825,1.1166790545810579,2.991148268014576,5.530106175455386,0
535,39.785311137582724,9.819732964229656,2.923560586412036,4.428921463015599,8.167965053711296,0
536,45.379189370531314,6.416934306726899,3.6497360468042723,8.27565165004322,7.655223099148546,1
537,38.11669307772838,6.241803923865218,1.4740104943926062,8.412612496740762,6.8098092076947,0
538,41.9235556461614,7.732658614865789,2.1555397556366627,4.461499683808913,2.4019593452215315,1
539,53.050342473715524,8.305928092811238,2.5913465020086277,5.132116209580128,5.9234081105401994,0
540,40.38486504381481,6.9083074659835235,4.678124098624199,3.7295730176435464,1.7870185161989691,1
541,51.685536896521135,2.1528617172958002,4.973020061691856,9.392993905773809,4.396268591169857,0
542,35.962345162739055,4.044407553950485,1.1796451959824634,2.067793891674223,4.721648772609632,1
543,49.23843342332226,9.352752762934447,4.044031693981568,9.40374480701323,1.3583029550117844,1
544,56.5325489652632,3.0215405065946674,2.486896265609373,7.154798066518089,3.4658928952297465,0
545,25.226843998981686,4.34950321453762,2.56983274491792,5.784149374180581,9.600845205398404,0
546,38.624837956236185,4.888691946497763,4.01705989338809,1.2939315470604629,9.582693470467206,1
547,49.61657701744432,4.95464490725007,4.673705728581634,5.280365726398075,4.1709434882728535,1
548,43.37563691165606,6.5164562424507295,4.803714378010193,4.669732945024591,1.3879009805349165,1
549,47.96916698697047,9.487682539702368,3.308490344153283,2.450969307776103,2.611854453953634,0
550,40.16811850627344,3.1662344064925447,2.4284846372020112,6.907686431505912,4.529960140901862,1
551,45.6927182997832,2.0935123867082623,4.150196343435117,9.740358166314572,9.530017281723069,1
552,43.75458211686336,2.777234408739436,2.004005533049201,6.059699299580726,2.270791571834664,0
553,54.342256493278455,8.982324101883425,3.256296115334071,7.4327794879955125,7.8716425930139104,1
554,47.03536674640971,6.812297313896854,2.4343138460994926,1.616054073094151,1.9781428543722286,1
555,47.70082129660162,3.573161103152441,3.6265242948315044,4.759002962352953,9.831318196521492,1
556,41.70498427102026,8.343522450717554,1.9615956515740276,2.047226366480463,4.4345484919822145,0
557,41.09915020742005,8.752329967270924,1.766371782939303,6.515162519828594,7.9771108500915044,0
558,41.539534497443036,8.618629048212503,4.672956346701748,9.446339423927391,4.083319745300186,0
559,48.155617139026376,9.27033880275599,1.4072147317981476,6.955999592244747,6.649019894429278,1
560,41.6321241534379,3.270169181560254,3.0238316309397266,1.6912274348297938,2.728144762660331,0
561,47.3181988551713,7.795377358716505,1.8834111318520357,4.191995844865746,2.3141891736726627,1
562,61.60320638916351,5.14485547546726,1.1557198533026698,5.9559704149676636,9.442577256113182,1
563,51.96899762745354,8.577986976010553,1.1440752731657056,4.62886980519927,9.258825501139901,1
564,42.39181174265727,7.5564160944545185,1.7008870884233094,8.502796094276551,8.98722046191594,0
565,54.609711377311555,7.9880270184975215,4.4670814180240015,8.332039042389903,6.628901051499341,1
566,41.73539701582759,6.905456539129643,2.1299149759081066,6.506479180928993,8.274413900946504,0
567,28.69500371857717,2.596858925227362,4.801836682301182,4.361121506194348,1.621332432202374,1
568,36.935309512660766,5.905242270072445,3.326489171956774,3.2980273638691973,4.013101377016112,1
569,30.033664631793155,9.862027655720574,2.7464567590750644,1.9528688639181637,3.823328122814406,0
570,42.18789212766953,9.43649259847407,3.3203553386778184,4.194079151378986,6.720807897573519,1
571,45.14734703351641,1.388563622173105,3.066793540905071,4.718552654869476,4.2036199612357645,0
572,58.41149849820226,2.483333341564934,4.0351050150293,7.082406325936662,2.336561034793127,1
573,47.6154189901133,2.1855589610910573,2.129984263891409,6.9234384186781615,6.368203678721893,0
574,43.247195769529085,7.53381918986766,2.4122015664012095,1.6309732567713127,8.329455286021734,0
575,51.635244649467914,8.360067968712507,4.576377210133003,4.55733383888042,4.439111450139759,1
576,27.31091752793692,2.9216022967960473,4.785826052601622,2.6360098049562573,2.1904184358863352,1
577,46.884916464868525,5.552674236566461,4.570232909945898,2.4113143478512513,2.7701937758154074,0
578,51.16692155109573,8.5663272521008,2.6777919758292543,8.445719347635213,3.137349746524456,0
579,33.171310033761266,7.595213902896255,4.121462012027527,1.3772369504463178,3.699078336950826,1
580,54.15003234565543,5.880134849426635,2.905342933204395,4.772645883119091,6.785155634556782,1
581,47.707971259955315,6.313129214128956,2.9901594085844088,2.5138329018986636,6.408509360839471,0
582,41.67769668879359,5.57524492224652,1.8187204362291358,8.913971941106265,7.264718754103352,0
583,50.06225492885028,3.677936061869385,3.364521213034066,6.0133646194753165,4.2625178607836185,1
584,63.16554286243517,6.085197935731145,1.7445435910133917,3.082425727391632,8.415978866919804,1
585,46.454930040467964,7.199967718450816,2.326258796268775,5.521845584497388,2.8367889504018424,1
586,46.98576469040269,8.859906242747268,4.420120806479741,7.583377237328042,5.221366727663385,1
587,41.325112803678046,6.726622185813232,1.8283032368434209,9.623062080274904,8.208448493872872,1
588,38.20124504428166,7.850093833388422,1.2846331406937312,2.9840140382087705,2.621427829593573,0
589,51.64268653235396,2.4406447145911567,1.2760303704512652,8.975635949164106,1.9887680236670464,1
590,38.15132939272906,5.154017269778109,4.763138082012432,9.408737027507412,8.953155709191908,0
591,45.57252989775514,1.0839845784438396,3.0276817518473385,9.247784900788597,4.086366964832763,0
592,41.17874042587907,3.220109780694607,2.6376482872680733,6.718729211757188,7.154831124181288,0
593,48.831838605971136,7.5381554360170435,4.243514324031674,6.668385889912369,1.2281374383754464,0
594,47.66929684229559,9.926289562144271,4.343303711642064,4.628895698654405,7.210421995685047,1
595,53.30031955406319,1.8926028962849433,2.3287641324624184,7.771580940734091,3.844911803922735,0
596,40.919868809162026,4.613448842751595,3.774472229895181,5.781646165158388,1.5016676822869757,1
597,42.84100051765303,8.200638718292435,4.084491263407546,7.096942641054651,6.488314853933053,1
598,37.169890273741544,2.8363207116600897,3.618602747463818,4.856121134639159,3.167234344658559,1
599,41.445653919391106,5.995764543720576,1.6063802992003975,7.583468176388251,4.48126517846692,1
600,48.018403944358816,7.597641664267073,4.503532334068228,8.420243658440942,1.7252273105786222,1
601,51.05590893316281,6.543869052341611,3.156378210944035,2.317926309425345,2.324469259854508,0
602,37.622677406578994,2.692222611538745,2.1298897054800148,8.496367440168052,3.6817951194625937,1
603,51.95684736084528,4.198461118171655,2.7009127417507757,5.862668786112765,1.8078355050414143,0
604,55.845102870439604,8.054126060368574,1.1502843615956295,8.60199318181202,9.197436382176837,1
605,48.307479225789606,5.98803862718815,1.5114672048896702,4.881715357069131,1.0544233886558056,1
606,60.014366500464526,1.0470665218862147,4.062187002063443,4.411364368447315,5.354741969778803,0
607,38.80968640717141,7.848916840252844,1.0000465390214646,9.235546592655002,2.109227123192963,1
608,35.042762373508666,1.3178021944621516,2.6662633139291687,3.2605234079356116,3.7691118053015367,0
609,30.770238008765773,7.711604044581089,3.0900407243423538,8.597910927575288,9.334536038364389,1
610,56.968354491913466,2.8223250414871366,1.2185376800038892,5.356185152584637,2.4552509794658817,0
611,50.23492525083246,9.622661321074421,4.892312651889331,5.626858982961338,9.692490877464994,1
612,44.55532263271636,4.31146676171876,1.9045013249986877,3.7762145334053563,2.8521493929047956,0
613,47.23974901055856,3.942384547042712,2.2167948785451235,6.157379805571141,7.6740949762014665,1
614,35.996087621612986,2.339992452992002,2.2157700490201093,3.9269007664859017,5.920095384075806,1
615,64.56601583693461,3.750437939411934,1.9216666484693996,1.3534247281748708,8.960308548370833,1
616,46.03376945580182,8.889856856453804,1.0058952883452457,3.4479874480992043,5.985939299528178,0
617,45.875158356839144,9.967009038645227,3.9173791763519854,1.057411390659316,5.811032972406778,0
618,50.806132991189536,4.314785774561635,4.867381999197141,9.80519308351171,2.759122003315599,1
619,48.84807385389371,5.037495678590883,1.8971739331401802,9.691724888377728,2.4960642584649286,1
620,46.79107219423305,7.498638443824634,3.6521887672136897,4.556397677250745,9.248402360039627,1
621,38.6762043564375,8.97576202418567,3.9675853078348604,7.555337689056814,3.9505437896503066,0
622,48.77174685708797,6.337399007681057,4.393701516362099,4.112254885693825,4.348740294666063,0
623,60.05619597180027,4.523731283600464,2.6905167880544365,7.039838413773785,7.838412925855495,1
624,55.76336036923982,4.713596567637614,2.211723622561717,8.248870387413811,4.049411341805266,0
625,57.74549301311518,7.260563318471262,2.3011805360921245,9.520806202230167,9.568562019751024,1
626,40.91027458855052,1.0289643724385082,3.8504853323940513,4.601910482647048,7.641349920989203,0
627,37.08316143793135,6.576304037138566,4.267117866022544,8.049681846604429,6.37686318316078,1
628,43.99370463920282,4.199437093972216,1.7264558710264106,3.393356055689069,8.928056444902772,0
629,45.44579929830956,8.147775981493758,2.483764032631061,9.912990734142834,1.4464531751453449,1
630,53.75353214776759,1.8369157584081894,4.6077607869966,1.2319263888791603,3.3135642297028784,0
631,31.460282962281447,6.2938204025355144,4.226774078778957,6.4317592585100885,5.18532700798819,0
632,57.23640255568491,5.328756008975113,4.939433611049903,6.935553834861944,3.0428068552436893,0
633,43.735936811368084,6.780929733147047,4.016993038728323,7.19241001366716,7.695146685719368,0
634,41.58495144042064,1.5836823503467152,2.572780804111689,2.083488209101801,9.272872279483526,0
635,36.90316499791866,6.219854086853181,3.362551335978551,9.446768051258173,4.81393107937831,1
636,31.761146625073845,6.053361291635714,3.644057016989281,2.6306495114507453,4.079193401007054,1
637,51.58536467169532,6.045940849745539,1.3138232652684958,6.60478062915857,9.653956589238096,1
638,45.58654373750723,6.431388999368093,3.1779878364154603,3.0040847121077645,5.003671895447868,0
639,34.68031280207157,7.08821143503726,3.8372833138904383,3.764947753191438,5.401435604043549,1
640,34.63936982349107,8.244900997126928,1.6692852160042415,5.918126875553119,4.164848851077148,0
641,42.31372240567897,3.428386481153929,4.122526869702229,4.754740767081188,9.185936257109246,0
642,58.352172202315145,8.425444691620559,3.3350911220564465,2.4420304087885567,6.120599349536657,1
643,42.92326918909116,5.484301140371082,4.808887142790379,2.5384276217876347,7.859571284634802,1
644,32.974856375055154,1.6935245122089806,1.1696891928275668,4.763303093465197,8.306260465157976,0
645,43.03405548731244,1.5269583631958128,2.061304550221868,7.8155468044795064,4.076641377255323,0
646,42.81821144201864,4.008144868264547,3.4062155171992963,9.081681821630097,4.90324898188342,1
647,23.424906856467427,8.064072794003208,2.186239648823723,1.7571489603344457,8.636245969656382,1
648,44.565641067857506,7.369128412668242,3.857696656284969,4.537935168034609,4.269298165082292,0
649,43.152523758330574,8.09753468205166,4.036021130087724,1.9022100735058896,8.145416201066663,0
650,50.56965091850735,5.655421507974484,1.4100638562658978,1.149332325693381,9.468930903169934,1
651,59.79164875956276,4.961790981599415,3.055417856827071,6.95546814379561,6.608893357612063,1
652,54.01252023638206,2.3270727403565554,3.0355622223642236,6.42204497769929,7.674645587067,1
653,42.848890475561355,3.953734782483804,2.4771230808621643,2.467172024333976,8.245875808370215,0
654,36.14779273006664,4.9061742955648775,4.731699450278688,3.104315497837577,8.605356840069783,0
655,65.58687842599889,1.797403867116555,4.310025279492885,1.2133697828006653,4.5554800407111635,1
656,45.4737474721159,2.985507574400901,3.788837527638547,8.514524851249632,1.4613711325839835,1
657,45.11143433530357,6.384027646573649,3.85730654293999,9.772215364436963,4.616886441130656,0
658,44.80699930311997,7.620968028152708,2.8468645752524764,2.2191358311522174,7.063806068056808,0
659,46.58467808614284,9.985127602536547,4.683978084386304,3.083276923887683,5.053153472027135,1
660,43.84511670460846,9.39801998209202,3.7783817090131415,8.815685715522406,7.740668357743587,0
661,40.41070394495811,6.783086795816724,3.9159242466232658,9.338174181605664,4.212841865217975,1
662,40.62512847007686,4.791232479646649,4.446763615149381,4.776646445261293,6.712697269936266,1
663,44.73797383827201,6.725596282374094,2.096286357368764,1.4556022504216672,2.677778243685771,0
664,40.65260183092988,8.070864562722088,4.228283615466812,1.3545265032353746,7.744324929804613,0
665,39.29723373858268,2.065025718310486,1.7809624118259682,6.165548794621094,5.911263719317232,0
666,45.851441821535175,4.689144007266594,2.3813678089795514,4.536055980038611,2.836579496919405,0
667,42.96018226063316,8.558220570720554,2.342441817079371,1.2578718481988906,3.627200561480265,1
668,57.03194390866151,4.4544965673973955,4.914101873556563,6.249271530813011,7.737478377236491,0
669,23.792241532855904,6.146850441044679,4.426148894991707,1.1017228293012022,5.343411120953686,0
670,53.7320548153797,6.289924247759784,3.804679446361039,8.086347623343457,2.94428296353765,0
671,54.968681539981034,2.6602862782027543,3.9082270464615605,3.7578954043303443,9.70544071333268,0
672,28.412878140734804,4.260118974870595,3.2482911776102843,1.362322027083089,7.4361251783519915,1
673,42.25849924735721,4.01060159867739,4.788362668434076,6.29516998884838,9.614213492858166,0
674,42.02847307203367,1.235770376788583,2.985035011529446,4.579159729897492,4.843945408243089,0
675,33.73990644225743,1.217725875022197,2.522070839479578,9.764203720214345,5.275903066225484,0
676,38.777466499273,8.485273393081961,1.652141347726364,5.89778796253332,9.081596945665172,1
677,36.11539323627337,3.457637289755312,4.1448226090442315,3.477152629333075,5.725444062208462,0
678,59.01816354738898,5.662708896149339,3.9377757283023658,7.384949781705773,7.365510207151004,0
679,52.48542714517969,3.6885301622989575,2.5374201540965395,3.443428022884402,3.2695558974597696,1
680,55.17244075995327,9.466113206038065,1.1007736558369174,9.138189622668087,5.020538218323765,0
681,50.773376512345884,3.3336708297919637,4.355989310872043,4.372497734566387,2.1110487922931958,1
682,35.967585830262166,4.866911314650416,1.0456719338162945,5.948817064985847,2.853820322892655,1
683,40.80383786976181,8.854572254361416,3.814799118516204,1.4551579344180596,1.0084907374086798,1
684,48.914996489823345,8.577402101126278,4.881028438904228,4.835091141570077,1.3533854648379422,1
685,35.22297752886443,2.674912760616496,2.750645312592814,8.491271856948956,9.795554408592364,0
686,50.703987441379105,8.223789788161394,1.939893619983811,8.250839248270077,3.181183256230861,1
687,43.07739681473492,5.123681980641034,3.819484040173527,3.0188670296817364,6.969796385536018,0
688,42.00143353960322,5.346719848768197,4.268512568062341,3.034711639095064,8.551897289196503,1
689,50.68767974562793,2.201319751743494,3.1857212643113892,8.35574780991913,5.955944133129078,1
690,48.55410649188832,1.7254136238141218,4.868141101024585,9.37358578152393,2.3783005007556057,1
691,42.11227067344736,7.551453762763886,1.2066748866318444,1.858248291457032,7.553047936025497,0
692,54.27463842691398,5.468150371197698,3.0191823932181125,5.050527754836027,6.402262690896247,0
693,36.35149337920082,4.931656323536616,3.8738157892902003,4.0370885106780605,7.581255304126376,0
694,49.92748485555411,7.5655740578715704,4.450561884596716,8.836196099116954,7.927719605713785,0
695,49.74481006374707,7.889616090919988,1.7170224476311602,1.751724232120169,9.778693309162707,1
696,42.523628485488075,2.430173509024182,4.200013927054726,2.9001334830223366,6.16206952024039,0
697,47.60906417793694,6.492026345298772,3.210828302874181,7.772215038278449,4.074770014215416,1
698,34.991091388917575,2.2181867404991698,2.586214727959853,1.4616446408309403,6.836181012102133,0
699,52.392216153655205,7.762375774261411,1.5268601143163743,5.432818426428604,1.6159663831836353,1
700,43.520782908456084,6.912596406404256,4.461183035635649,4.9789633121174806,9.076575864894277,0
701,40.81821583584768,9.609531589751121,1.6290928327188614,4.009610610898738,2.074429102043771,1
702,53.392073806695116,1.6206221472077906,2.239151436836397,4.551150837870314,3.950585540972364,0
703,39.36525047565792,1.5134924903612887,2.1601821278497475,5.769465282372097,8.341708425635087,0
704,33.732309629091525,3.539683672238801,4.485656136763417,2.452306225495448,6.375811404976407,1
705,32.54696661180877,3.355351153623154,3.690811976835592,6.147962904552335,4.542719682496979,0
706,49.84807961076512,3.2228091916479986,4.186725588765489,8.248890963699877,5.260920934375193,1
707,34.75656518002974,9.15629122468933,2.001871595169996,7.841448368111431,8.690926538819623,0
708,59.03835345587492,3.245915798645555,3.4994963984279956,2.385099142243963,4.060039474539029,0
709,28.344564736930224,3.447547535157679,3.2869839325749948,2.343245227673265,8.826847163309541,1
710,58.571650946320304,7.8345843617616735,4.331321507153085,3.41356930970422,1.7932098787902233,0
711,46.68813973762095,5.04765858205486,4.624348241925042,4.249672537069335,7.991185934877676,0
712,44.22629510503686,7.990395012596631,1.0486270859095472,4.676100232676344,8.627928697492628,1
713,40.640647305528404,1.588295418079467,3.6960796762351706,7.117274951500107,2.6363588755360485,0
714,48.19308891481657,5.388140743060458,1.207343196478916,1.5101238894925186,4.873118791349804,1
715,44.69892238060121,1.3025224016495436,3.1954346603094237,1.3120543380345975,2.4894979719729005,0
716,53.82641505613217,1.5638788310981906,2.150530916174713,4.527195066495182,7.35943716094796,0
717,45.913821189296314,9.157937080099698,2.227106398088565,7.274473229241824,5.818129912554911,0
718,46.20241409169502,2.2532083400583565,2.4118340138094263,2.7409180866083434,6.717910120374889,0
719,42.09110230228915,5.791786140476954,3.4851697961984405,6.773540331306266,2.7683827026059005,1
720,44.54443501023146,4.699860423406359,2.336199862675077,3.338453241462695,2.9057127584717755,0
721,47.46241415113647,4.126089936329584,3.9307962023611216,8.974774979321648,1.3734759295891572,1
722,31.318652858746994,9.098500111185452,2.6181095422954788,9.061209498399549,3.8986078167615674,1
723,34.214516623154296,1.1964105709794055,1.2734128012398345,3.6755848385319383,6.037701952003075,0
724,50.94611275218172,6.9741071755803015,4.135039369936429,3.0699437856691647,8.721414225975959,1
725,46.366923505023536,9.670549907921954,2.143033298370824,4.701735748596081,7.002347027128127,1
726,43.528133309178564,6.041513651156578,2.7310675183970505,3.1647842666213384,4.918566910597763,0
727,45.14747146452314,9.431402158297827,3.741775532887606,7.051454589625333,9.57808102954724,0
728,47.78065364289337,1.470320913574214,2.329824628594848,8.43458216093457,7.473206805182487,1
729,40.681922557525105,4.769139871667452,1.2263426245868625,7.057829178200953,9.37148682576295,1
730,38.7735621967815,3.3414201186584602,2.4956841880512544,8.419154025244145,5.748291759449491,1
731,46.566762040781455,7.577388684826568,4.777794330777214,4.572929459867267,3.3301384731382564,0
732,37.17301777907974,9.83167381447522,3.5669375891942328,2.4068527363797476,1.4754401772824979,1
733,48.26602204571577,3.30877056199823,3.6859165946688277,7.641558526578329,7.534763663354655,0
734,31.379331166097277,6.88757141326667,3.5291286145505594,4.2442705462739845,2.0917269820498072,1
735,53.23324509860515,2.7828786948376614,1.7959685558377472,7.041437427062193,3.7249761544477047,0
736,48.780779859304346,6.087972291144489,2.6733354564091205,3.435795477835891,5.792238170955077,1
737,47.048237874511,5.175392380195026,4.0037591934532735,1.731066713260054,6.0797492900177295,0
738,52.861527871564114,9.748047966683833,1.4054915902126366,9.933236159389871,6.4052487728842245,1
739,58.32379555570061,6.476745454268199,2.111411104358849,2.4058135713753934,2.4962979731473056,1
740,53.11496052014505,4.145557348781369,2.1052764338634145,9.89578894567133,4.417636643394839,1
741,30.273006149346838,2.0268620639914,2.728075710378024,9.795519393098026,6.5547480440527,0
742,34.763384266114386,2.361221458614411,4.92147496376874,8.144362935172357,9.728369781704062,0
743,40.00145137843457,3.0278523695611157,1.2700101867352878,6.934806658737978,7.548680239297198,1
744,45.20872840168667,3.258699952062682,3.07480397752238,6.200263452259763,9.30343381384562,0
745,49.14127216375299,8.65554452057024,1.7174587280488418,8.794913908400513,7.859908524827594,1
746,39.19404949477227,6.051005094542724,4.8827061816389765,3.6049556945753913,6.325452720031604,1
747,46.49413411581663,5.710518202369298,1.4532140189098568,5.209130912363893,2.728210322227101,1
748,38.95693654117342,2.0329198468229572,2.614404009446365,6.574509724298517,7.000170867032617,1
749,40.10785757606441,8.741257240144915,3.9515399393384247,4.70071428282542,6.610416093639164,0
750,33.74671122521422,7.5053287288763535,3.818217712109781,4.847378086812412,6.422222534115398,0
751,37.61413403111277,1.6090152571000143,2.690914547575729,3.9725620075187598,5.408072811894167,1
752,34.18652315506933,7.370515875067918,2.386096671810873,6.078086350160825,5.75790943590348,1
753,37.19301397618134,5.8918439560838145,2.5904495142114823,8.655170752136044,4.0099827440629365,0
754,53.42913437286272,1.7355281117210044,2.057105052634557,2.813755402056816,5.673814233780728,0
755,37.40480888934446,5.124705773757908,1.8213317548271992,9.409897348780973,2.7780031511063044,1
756,66.05905651869912,5.362266584170423,2.93215879023556,7.201788883734067,8.246569576243392,0
757,48.946543207047114,2.4919708614694818,2.0741350242704293,8.409458914120272,2.6719925922883703,0
758,46.47868898955899,9.51128332300254,2.1498466595890005,6.005716233670105,1.7646966090051976,1
759,38.13313775855029,8.649778343325957,3.6270242538982282,8.015650312816572,4.926214237214417,0
760,50.602479035271934,7.021201035961975,4.874149326799569,1.1458035760552048,6.924766955554556,1
761,40.39489739009781,5.160660049005465,3.4145488022375003,8.365423823015817,4.939451424401872,1
762,45.97607851716289,4.705889874260577,1.3079178682598651,1.3612497317682988,3.4907871875617773,1
763,65.48067630615036,6.858761204358587,1.302334455416268,9.009220387265762,6.023540655013966,0
764,44.2315208022028,5.908886824662149,4.805692883382264,9.927664725147789,4.1230210187097995,0
765,54.194186610285406,1.5604579529369706,2.1891631612293345,3.6466071595910003,9.395809211139698,0
766,39.3745885989929,5.612523838932985,1.3682679443299017,2.8928670065721427,9.303806256432148,1
767,44.72009207602431,8.257632555095554,3.3961783486015262,7.888270274722366,5.521346379748859,1
768,59.16640508508408,5.133158898372622,3.4945951131610644,3.277237068282279,3.950955946164327,1
769,39.98426353769786,1.4676091979884158,3.5940192804747526,8.790061448549832,7.634191725609751,1
770,59.49958846397543,8.076503794456297,2.069608111430165,1.9255833294172904,1.3304164913475998,1
771,50.662015483643806,2.8122740392237695,1.0604427368579001,2.1335967674142244,5.272921054392861,0
772,40.50026579284586,3.327587513992349,4.860061477817887,9.81236399590554,4.026910548433001,1
773,50.05926191244417,2.482357180890663,2.00357218276441,7.064550084430042,9.284822965922992,1
774,52.78043559701384,3.971935583843478,3.70410515221019,8.621985019860574,1.1080272454541429,1
775,49.97447969773757,7.810763551197716,3.8265194795148383,3.918964396163662,5.975333881465142,0
776,32.43820224087635,5.674472735535436,3.4400296683179428,7.08835374568544,7.6659722295996335,1
777,39.18290259340105,2.843931467356413,2.251629576854593,6.348176445777375,5.365161887716371,1
778,43.01985091558796,8.900470703368367,2.084385015056263,6.428351081106523,1.7686272714644948,1
779,44.40453256719963,8.916236694563763,3.3906731308108125,7.142792135839494,9.75215251025112,1
780,49.96537678040542,8.835205825414063,4.4643825344467665,6.178232558161887,5.662093882384881,1
781,46.421608007466034,3.1491659024338534,4.786934915693582,4.861561323723993,6.527676198871102,1
782,34.31724513031919,5.061154097628893,1.4236232176150305,3.4833042494249216,3.129488044367566,0
783,48.04158280804771,9.864906905267876,1.6193144503908794,7.917231978218818,5.351482765961235,1
784,49.88468596227059,7.948112286789914,4.778945035132319,3.036451870028676,4.862345427624897,1
785,49.478323583448315,1.2445067910300383,3.9461409133391703,7.231188755389727,1.6740625780178537,1
786,53.64624580443697,1.5868413213444286,4.531975299319092,3.09999540384394,1.9554431819272051,0
787,51.67137723639123,5.175382391310995,1.8105305365413726,6.627971529590085,8.537252676568972,1
788,48.6734406338275,9.182981852754041,3.3503434844376074,7.723704404161261,3.1583795698593122,1
789,44.438674308330825,5.848316181574428,3.8045583776698946,2.968425000158853,2.7546244434876748,1
790,31.71231253187207,5.480312572308612,3.7204475417878906,1.5394897077517746,5.544203061251253,1
791,48.436945753060684,1.9492632996096753,2.6326067634667925,2.178763686947567,7.918724182262617,0
792,46.66150149730489,6.911020942518647,1.061579566765234,6.453972705439229,1.5575186672108914,1
793,47.17263069756299,8.39892844540203,3.3317042272170525,8.64501765603162,6.1912712767443026,0
794,34.786011393437526,4.423780067568061,2.012406156718435,1.4049713911188193,2.0728939855651602,1
795,36.3515476767339,7.980506658327947,2.8010169845715613,7.6073613313748165,1.3281494574305661,1
796,53.42522282666323,9.680289885107305,4.830324060335269,4.071867813550469,1.4746955694599566,1
797,44.68355876914676,2.833898132149202,2.596141270569739,5.306755329275703,8.507476973875972,0
798,50.452005578980994,5.709966680752672,4.359206426657707,9.35973594861009,2.061752352652554,1
799,45.22654700904369,3.58424162276118,1.7541624229970045,3.987743542622609,1.4063622797106277,1
800,45.238049115965964,8.135689771304554,3.6898419921001153,5.188032405455375,4.94109898428621,0
801,52.50627044780798,6.198340292930418,4.908027817755774,1.12314173284613,8.595941247478223,1
802,40.87164217426101,6.711241757952734,1.4075724034917472,1.7343884800435454,3.361675388403717,0
803,45.76896621552787,8.181227436543047,1.033279768908768,3.327324320213056,4.795413557733248,1
804,41.30179769035966,4.563734253962094,2.7343311705304574,1.2506701673896696,1.359302793073761,0
805,41.52403018054147,9.23581061566339,1.3705019322054688,6.682377934434259,5.041706627213883,1
806,42.52662301225089,5.797259805215259,3.9935373987049254,4.837585211214603,6.198517725734203,0
807,46.7770701730697,2.421593405518132,4.658194655394236,5.933306824552198,6.138163483769303,1
808,41.17001102669218,7.263092063519222,2.7360838908350353,2.571824673066966,3.9918402295692865,0
809,55.04604900458817,8.13935215394429,2.034846568621764,3.6633882649295453,3.8397986259682195,1
810,37.843141582243966,3.85085509360774,2.737613276026439,6.974420273674526,1.959612570429381,1
811,43.50502684670913,8.714613312988778,3.893791271400004,9.687724512673599,4.301184885816415,1
812,41.4821515338066,9.155289292891897,1.036216646321484,1.4537509624198828,1.8954520198566818,1
813,56.57582307482986,3.4921403864002802,3.3578159579387887,9.013458887697395,7.899363502408464,1
814,46.5724382120926,9.851693254436999,3.4531667395495163,6.1919308118008765,9.696468679733673,0
815,53.25475631574908,2.266403752438826,3.550752987583742,6.075276100800614,9.730670110000363,0
816,33.11551701570423,2.81814101562241,1.9680883199235089,5.502506816869843,8.785639894378544,0
817,47.13640212695407,2.658023553142235,3.856210893512507,1.6245467731376504,6.407129344056572,0
818,52.117046364987495,9.045907390070834,1.3655659453271056,1.808891665625446,7.307791275194919,1
819,45.6582719142034,6.8886329709246565,1.7970813458672033,6.4082080509317745,3.5668522241237266,1
820,53.52384300052281,2.3689385490004558,4.509880186617927,4.0686271429200245,6.676933781553585,0
821,40.861692399197025,4.962910765315141,3.9548926029062654,9.255412599199126,5.100845944958897,0
822,56.27477952148464,6.5376822256282185,1.054982216045381,4.65931483623525,5.338156057992393,0
823,63.391184988954,1.7511767649044496,1.9935050414792008,2.28953312832377,7.819989043376421,1
824,42.09729151648273,8.94174731566605,1.8576259319726582,7.432469501518324,3.537265200375265,1
825,41.435979828793826,8.232431818973817,2.0832253121478903,3.6401807929690886,3.8623565052506788,1
826,56.627075816941606,5.5468609621897444,1.9902390811195456,5.7292327662030385,9.321776120157729,1
827,57.6365771658457,9.704139537332534,1.250105182971383,7.2804950695465305,1.5060186536587503,1
828,40.81711978277385,4.759848813475897,2.8357620663872813,9.102377000818633,5.370708685720063,0
829,41.638505463233145,9.85699287132848,3.9309338991446605,8.129720753215086,9.215207203670756,0
830,42.745723129115945,7.011279989232643,3.4269268988697457,7.087249610854517,6.493267070363413,0
831,34.24439591172578,6.712041459285473,3.691486674392319,7.116698641556292,5.9176636679091885,1
832,37.650784428126414,2.493594057662065,1.3245967141449566,9.513321796288778,3.247697613064197,1
833,36.96687386598346,8.937349824741796,4.805962840707149,3.662416877468824,4.089479401580034,1
834,38.85761947916697,4.847407191285536,4.353967335372099,1.0100088477656866,8.668435742242236,1
835,44.72252090090575,2.460100652042314,4.22036127398265,3.4475910345837883,6.032963185916123,1
836,46.87371786029217,1.1134676797818313,4.29193522016707,2.961022416640696,5.6326797438110185,0
837,57.40400394251262,6.037801152745443,4.730842032531045,6.956511266025983,1.8962174218602603,1
838,37.01316767408967,5.746596599104087,3.177015864454791,6.703404397889761,1.144253408096108,1
839,52.87457918781267,7.474182601322427,1.8011280714705036,6.341152444342514,9.673166698183442,1
840,43.28808924619593,9.01232247716022,3.4671344314101646,1.1461909888850834,4.392875505581575,1
841,44.604290322780535,1.7146592617872658,3.971525974671756,7.5590024900558275,6.428917558895539,0
842,50.39855593733283,7.583468413063261,3.9516695734161016,3.9117737123694236,1.7174356586855648,0
843,36.018223827501615,2.68670749687824,3.0857960966675204,6.98550390105968,7.148028571507419,0
844,48.059277969472404,8.723593478414475,1.2738348773343122,6.0092058565193796,9.393100378353648,0
845,46.33161766570445,8.371571624754905,2.4844517537205113,4.084578328851165,6.180987276976777,1
846,48.939610112065196,5.867143794869899,4.68306643385343,2.2111864039369697,2.135037901378695,1
847,47.31334915126254,7.392185187609804,3.337795639029704,1.8497700789443285,6.23549374726129,1
848,64.64240111928716,3.8291510186537354,3.1533277730228537,8.483664998010012,7.897124917941872,0
849,39.89808012598947,5.240511090395332,2.075414057528774,9.265577878734021,4.657748829166168,0
850,40.752024359985455,8.394732079394245,2.4737956796663156,6.848092420878697,8.91853973147321,1
851,40.014875788601884,5.133386774558925,4.581384356612677,1.9309070337443504,6.83814658021628,0
852,40.55618304671796,4.220184387928976,3.665852190107343,4.618244951994166,9.093240264602823,0
853,39.90090298154786,5.447912025252699,4.149548107009331,7.560452800946415,6.611547801226035,0
854,54.51213224886041,8.454243271934965,2.8173816922706205,8.018387956090613,2.181591748043418,0
855,56.36403398391884,4.016872426337855,3.5209888778246317,2.0639676006197973,3.787225399946702,0
856,40.43402965000419,2.5638543382216943,1.9935344349728301,1.0002764696084419,2.8161545342721124,0
857,38.34115541516617,7.408126182977027,3.821843321133945,7.409233412925445,9.179438479451761,1
858,48.77132445109123,8.433803914372735,2.710405334813349,4.209365583875851,7.843600605587344,1
859,40.58221564575223,1.9057373067118,2.7701820592589823,3.290331984564342,7.087585320190055,1
860,50.063454542044084,3.1588670148035023,3.5972892983075266,1.116077228105729,3.708696876684595,1
861,46.623384166810396,2.277747907848945,4.745122485875706,5.8626946608534976,2.656402948451922,0
862,32.874047080022144,4.131472704239499,1.2560253864344837,8.660356618833836,7.808059791900206,0
863,57.38004161064049,5.053158810148714,4.29897294938803,9.61868481645329,5.267421512911717,1
864,59.36702138476417,7.739437032669758,2.1695324416487725,6.091704555519603,3.032105969355662,0
865,40.09769047612491,6.860328263935067,2.7756778180255113,5.630151949659048,6.549597803487476,1
866,41.898387520512124,6.588357107305881,1.0876533151000358,1.76550746940317,1.3630046692460678,1
867,47.28692312579924,4.171374519486889,2.204184311337252,5.939855213883398,3.9355322871542815,1
868,47.675654319896196,8.57302797776284,3.010524970520522,4.419811710688552,5.2170129513202115,1
869,50.26835418138264,5.241584506583481,1.224704309389756,6.464217527952193,2.3316250069846527,1
870,61.0816363101308,9.81194444213639,2.9643829175326606,4.49853713088892,9.861890298317556,1
871,43.5844221800476,6.707279244661631,4.70844251543371,3.1626921110533006,2.8818762813065284,1
872,38.613622043692374,2.1363826740805245,1.4215728724312209,1.8546874770553885,2.1731781703893898,0
873,33.965446175883784,7.085598058678906,4.057762912302017,3.834266001300062,2.8318138649820677,1
874,39.15255968046465,3.925936138885291,2.6386842135039705,1.8698035085897704,7.921550198437518,1
875,44.734984217009625,7.1769447701748765,3.620694858097352,2.5920725574158556,4.829550933446585,1
876,59.356462908142305,1.6267703334616517,2.0409463919409174,9.886025427215912,6.088743457772842,0
877,40.85910960771063,2.5739329345836346,1.6379690501654331,4.996932012159568,1.1890824128772466,1
878,46.790303613111185,8.701635330152076,1.6418504570849057,5.786845898545149,1.309881777159831,0
879,44.86861683141798,3.044616013211634,1.2819677825725786,8.862566758634937,5.012429948443145,0
880,54.507146187584674,8.53337012718646,1.742586819604972,9.960120104416191,8.349897188814612,1
881,65.21545940698897,3.5134847960896938,3.656877539955873,6.244430044102134,8.967149908368087,0
882,40.753049816637436,6.785937190528369,4.526762447374033,8.312264389397544,1.780359108360762,1
883,41.084484459854224,7.247355161588479,4.256502742364647,3.9424692190300776,5.845267918909205,1
884,53.35328701655258,5.613892778305477,3.7405372394979364,3.7516956170256197,9.219067176513434,1
885,50.45513191701049,3.7477960902705814,1.4417274536444107,4.6243334889510415,4.491754789580977,0
886,59.77365860588827,2.913799387339865,2.1567497851837993,7.0525653640628425,8.466092482855316,1
887,49.67142548260771,1.298704191061836,2.239227501289876,7.139725203295889,2.203260889594926,1
888,42.12566327370352,3.7355176111665145,1.999827785590485,3.837154911845057,9.418550407010189,0
889,49.725238645538475,6.878465114781547,3.0600226388388925,2.198889317229658,7.762809857781724,1
890,53.869628644663266,9.444743366036343,3.1422152595186903,6.691566308189577,9.472009535082115,0
891,51.56385744957891,8.840840340367468,2.427543900684441,2.1549327596988808,7.089555101972558,0
892,49.05819224885838,7.8945829888177235,2.415156634945744,6.206432574063971,4.270635387994843,1
893,53.53339751671323,8.096026089279688,4.314222391624325,7.2407991525067805,9.443630552722501,1
894,54.35436472356538,6.984864131283957,4.157171393278743,7.305503467550064,3.480100986782606,1
895,56.05727192830022,3.342581718094027,2.2311833267229826,7.78124899593637,3.9895526985555927,0
896,50.18967910071714,9.16475527635247,4.655153775493037,8.855734794090981,7.307275762015663,0
897,43.66305535746517,7.036590807152506,4.811260068010024,5.499630927683096,7.887846695728476,0
898,46.17370949146658,6.04396567882396,2.3069701681201633,7.572242705766141,9.364631354642384,0
899,54.65207173206686,1.9989052229213295,2.4176997951722194,6.57255461829253,2.8432216815058853,0
900,38.46451463210211,5.023499894257829,3.0225366136878353,2.6797594581791433,8.181982316973016,1
901,47.94938647098321,5.143224440817336,4.764483250134694,1.2312068038246735,7.646914480572671,1
902,41.85328950138111,8.78107248570403,4.505277732569246,3.560872471092404,1.574151006282381,0
903,45.22995858347854,5.919833981690096,1.4102718503343592,4.9873033570385745,4.485008270891862,1
904,55.22761490085839,4.423604940733687,2.570922973085665,6.553953499857907,3.5448891135408873,1
905,46.528792544159224,9.791202956595933,3.2134847589990874,8.649633974528848,3.7404138191862737,1
906,45.37149238524919,1.9964853399368412,3.01252989020616,2.766211450355491,9.846521915992307,0
907,34.12115087216065,4.802935854807501,1.7754522717475707,2.129948109086294,6.784996721319351,0
908,50.97002852821777,1.3782220765426476,4.435267084672619,9.671319527268947,7.459085420141497,0
909,50.1638734491286,7.659137086902373,3.7077631319873494,1.972401034387664,9.789558735835083,1
910,62.30603778644368,9.262688969792356,4.351633499407214,5.306419630964703,4.394816042118748,0
911,42.53777412037599,3.5203359659544047,4.435057117397889,6.270073559139717,8.216561516075252,1
912,46.75320262131151,8.725075091192089,3.993423414662959,5.872369788166944,4.910778669740458,1
913,46.995069469686044,3.62996407415708,2.7568424049988693,1.7742894132964888,8.825803046334817,0
914,57.6196262381078,9.196931454795237,3.442187020061698,1.5132422260325744,2.625917871801729,1
915,44.23763574090438,7.785657132371055,1.6414616244789726,1.949350847149321,9.529175593578517,0
916,47.232172206162716,8.244160991572947,3.6945816698996308,6.270289154853512,2.968945375697917,1
917,49.863172077732315,1.1620590004040905,1.717013022957123,5.89910398870889,3.935984562828384,1
918,46.49287298525086,9.665293213666233,3.7757983620406272,3.1036671283306982,7.8057301069610245,1
919,41.42853108359577,7.540038928632909,1.9183926430158746,6.739967276610324,4.54379627408866,0
920,46.55271994318646,3.7427598584751998,1.47020520060088,8.380607518500845,6.4739023908980196,0
921,53.58905399887818,8.464551983729622,1.6611379605718297,1.3742106386193438,5.001161509624857,1
922,36.78787760471152,3.5336907857343696,1.007968540876281,5.483169491932381,7.6813294338080365,0
923,46.06375739317501,8.85478455609515,3.874958471414121,7.203793708924213,3.0549812713174975,1
924,39.399033480486615,2.013223513707433,3.9296041962335164,3.2708073436271836,1.526121885131893,1
925,54.56037303139874,7.333173797147162,3.059733399653038,3.769938147638342,3.699364577257596,0
926,32.8145047617298,5.866286289804193,1.6454512042215348,6.522741126904454,5.268777983815872,0
927,40.52862522182729,1.8688102317589674,1.334217350042759,9.081417640993632,2.512180469734107,1
928,48.01769500051617,3.177044454329551,1.076515865749148,8.289319782726094,4.193175606907499,1
929,57.52419223387472,1.111636326495833,1.6629927078608828,6.248171971896252,4.599847164642117,1
930,44.4739979114161,5.218911689180553,4.563422139932587,7.571995459815243,1.5165265931944618,1
931,40.55840378645441,3.711387346840003,1.966147366806727,4.283402231870188,6.249765233657841,1
932,60.04925655552472,6.38521735867983,2.4170853088688626,6.76868975288882,8.959090851741587,0
933,33.415888796670046,3.675140269377555,1.4213819379253327,5.195634320148013,2.3656862165774717,0
934,27.409552347039345,3.699272003562862,1.8894452189926811,2.7094252281180484,6.380272120613626,0
935,48.52011560042666,7.6887387885844305,3.0768982831208205,7.315644464895315,6.982652844197617,1
936,40.98356620517911,1.4332855238051811,3.4310107323826102,6.008181736139398,4.774012123773595,0
937,36.8301374629543,9.126054956727884,1.9814092566648442,4.227594237582323,7.30987828627843,1
938,50.66685157839483,8.670374869520632,1.2309286369004688,9.202052710707676,4.696583891419108,1
939,46.95040571016959,7.0102421490376585,2.5641314765095946,1.1884070604405994,5.541735591796914,1
940,40.487370954106176,6.338994130966459,1.9368134837053366,3.841958361245464,1.0661774009898428,0
941,34.75756481063284,9.03072248325687,1.8782156929192078,1.511932579998819,7.225481027212199,0
942,51.97965862624116,2.66797161575843,4.839451210853821,7.898745845994645,6.95208411050252,0
943,50.20160942366929,1.7107224597174575,3.4652019437028962,7.3189670870241335,1.3456078959371012,0
944,44.20659308976494,3.155591529185843,3.2275137726883836,3.9821699686268532,4.314250966556198,0
945,59.77309596838133,8.151204508301714,2.6631004140932877,7.080966119863657,9.811286567125006,0
946,36.43932186939078,1.31203240053835,2.715777333720577,4.563435035763549,4.786629063117552,1
947,32.795798632602086,6.245261515751407,3.1636200153523233,7.806284122801909,5.517508646186576,0
948,39.464735440950044,9.95893764572179,3.785719228144429,5.0876529646303545,9.189371423437468,0
949,44.63531186915602,8.701264844537855,3.8085843847273178,4.71051755048499,7.455356882791808,0
950,46.94671559458153,5.693011201392305,1.6867756308217983,9.412569239394708,6.238631180118012,0
951,43.07011153714936,1.572768183579781,3.000451008306508,3.2579118990163023,8.180242132069653,1
952,47.816443172114376,8.482361629471388,2.647832380136408,2.084026059969089,8.77929639810376,0
953,34.98768460647645,6.390806573594895,4.482107865077537,6.260888019335123,5.111992645635402,0
954,56.55011683258608,2.0343969735361016,3.5256756848735056,9.72389631055761,5.275975284386519,1
955,44.34279057285945,1.844715563410206,3.130016265663927,4.40055292354468,4.474458420866522,0
956,53.93836665270502,9.186641374929332,1.4615785687156695,1.5583308726590337,9.700355260166145,1
957,47.74180277102163,7.022802366442706,3.422551557293646,4.0537474057861065,7.274496288613154,1
958,48.65402575323027,8.4635811938508,1.4688156227209337,5.553384888876026,1.7490075958726505,1
959,49.558138241857634,8.910810102540406,2.3488263022630083,2.4573070596899234,8.766636609817166,1
960,48.58166848013852,6.1459511684349,1.5713678592573275,6.922919962508429,5.3250394675264126,1
961,50.14178207894035,5.657017165795372,3.7682945880974756,9.979744501091805,1.618785157802387,1
962,55.63322024105945,4.873846692888912,1.8250084553446104,5.065655283832994,5.9474552964697995,0
963,46.57216935761176,3.8525192901200738,2.567437492752104,4.192557010571914,4.754478510781318,0
964,50.672030060708096,4.911363647728406,4.582699110475115,4.6063375015101995,8.899744643763624,1
965,44.282114445702184,7.964916901571407,1.8172655335958812,2.03631560555681,2.835951432484486,1
966,56.52093772359578,6.417310879136184,3.0312202558351165,8.949462412836013,8.438181485429645,0
967,39.58886158352584,9.032709609593615,2.677086644664088,4.733430899692168,6.019198220669074,1
968,59.40752346328652,4.99042012941269,1.072496164182919,4.485469702823572,1.4914927289212214,0
969,44.67873639484525,6.463806208468786,4.171032454291251,6.937212456374269,9.74660771192936,0
970,33.55379918305562,6.681767977827898,1.276183625258399,4.978300788380112,5.6135371969287995,1
971,46.02483531928631,6.32527446075693,2.8970200839078144,6.8341012192706145,3.617891688084242,0
972,39.55158674020095,7.323703957769647,3.2427131797557998,1.5530166111770876,5.224661577903323,1
973,51.72514839190979,3.1369012153732565,3.5137058264583483,8.323510093500047,8.720720051657402,1
974,39.779008165580876,5.611273997912116,3.7545265172315023,9.464535575914624,3.7441281194655716,0
975,41.43053253428176,1.938023225275129,2.0130895340908603,6.838888475434474,2.734087568380303,1
976,29.883674152435752,4.460601948803313,1.0399151066337975,9.591093359729296,2.1616412223779333,0
977,41.381549446007384,5.38900361759138,3.893774649419648,2.3628908293296695,3.6807345855119014,1
978,25.608965386968347,6.870018335909252,3.1426263973903144,5.2967457053231835,8.020432783360391,0
979,32.32877741211421,9.55477947327583,4.344470812828995,6.416260605509025,5.244637286757355,1
980,51.083317249154376,6.405859598935203,4.285553451602777,6.23562982679068,3.04733443324186,1
981,51.28640126920666,7.692345245589038,4.373304671151533,4.613156011801389,2.4956649964877426,1
982,48.40366049427972,5.556394535456825,2.9403786399181606,4.042759684296352,3.994565288593412,1
983,37.264190854966294,6.706936282386982,2.3345135833474626,2.1414162029537693,9.45931935597138,0
984,44.618309150864164,1.638389945203961,4.16623281036548,4.5256820550605035,4.087240413310219,1
985,44.97117968727545,3.289524227576623,2.8051764521170197,2.463947335949366,9.893116683591717,0
986,35.73308248645966,4.256677838846248,1.733768785613738,7.609291088429965,5.367074101888205,0
987,57.027186414137205,5.252440195058622,4.419896078245897,2.87947841945131,2.612475264611358,0
988,52.018898324605374,1.4108387095214536,4.530239507089389,1.5270877475608047,9.020260826141584,0
989,43.23228660936269,2.2602168779798593,2.8652390245606805,5.971295240355109,5.143198358213442,1
990,45.215086711956246,3.491328770121752,1.3027989092391499,6.357067594474614,7.38704209154072,0
991,46.66706246358042,9.743794218109455,2.551304359667725,8.84721755152455,9.853404248882367,0
992,28.666121052605675,3.9821230639274567,4.214150637850413,6.192834511759137,1.451578152879766,1
993,43.02258093983522,5.338369523008743,4.607096114184914,4.109327683511012,1.8702510380881043,0
994,39.544126016017614,2.764879414645536,1.8138909699903834,8.227106933736884,7.484110673164806,0
995,36.98703992084067,6.497020639681915,1.267894448101086,5.862510038686789,3.536425029659248,1
996,42.75119765691236,3.5261489396437686,4.509401812531355,1.7135225616807257,2.6587125725508916,1
997,59.38149221479618,2.8629332059458408,2.557619755915501,6.09265504281922,1.3542569183775655,0
998,50.12674289013608,5.649153656013811,3.167043857070253,9.172166908794962,1.1966204078758162,1
999,40.430568081737626,1.0495521924437874,4.872263248203035,4.566813629483985,7.970370428078118,0
1000,49.58066225084927,1.0689762938430278,1.2662589116568914,3.666932217098201,2.20990084632595,0
